8,2,10.4,5,1.989,1,0.9,0.1,0.1
4,1,6.4,12,1.969,1,0.9,0.1,0.1
13,4,14.1,1,1.989,2,0.1,0.9,0.1
13,1,7.4,5,1.984,1,0.9,0.1,0.1
12,2,9.5,9,1.982,1,0.9,0.1,0.1
12,3,12,3,1.998,3,0.1,0.1,0.9
0,2,9.2,9,1.977,3,0.1,0.1,0.9
7,1,7.5,5,1.984,1,0.9,0.1,0.1
0,2,9.2,9,1.978,2,0.1,0.9,0.1
10,2,9.2,9,1.976,2,0.1,0.9,0.1
5,2,9.4,10,2.002,2,0.1,0.9,0.1
15,1,6.5,3,1.975,2,0.1,0.9,0.1
11,2,10.4,5,1.987,2,0.1,0.9,0.1
20,3,11.4,10,2.004,2,0.1,0.9,0.1
1,2,9.3,9,1.985,1,0.9,0.1,0.1
24,4,14.5,1,1.996,3,0.1,0.1,0.9
3,2,8.4,11,1.986,1,0.9,0.1,0.1
20,2,9,5,2.002,2,0.1,0.9,0.1
4,2,9.2,9,1.985,3,0.1,0.1,0.9
8,2,9,5,2.003,2,0.1,0.9,0.1
11,1,6.4,11,1.986,1,0.9,0.1,0.1
25,1,7.4,5,1.986,1,0.9,0.1,0.1
1,1,6.8,9,1.982,1,0.9,0.1,0.1
9,3,12.3,3,1.979,3,0.1,0.1,0.9
10,2,8.4,11,1.986,2,0.1,0.9,0.1
18,1,5.6,12,1.971,1,0.9,0.1,0.1
0,1,6.8,9,1.979,1,0.9,0.1,0.1
23,3,12.5,3,1.989,3,0.1,0.1,0.9
8,2,10.4,5,1.993,1,0.9,0.1,0.1
22,2,10.5,5,1.985,2,0.1,0.9,0.1
24,3,12.2,3,1.998,2,0.1,0.9,0.1
22,2,10.4,5,1.988,2,0.1,0.9,0.1
1,2,9.1,9,1.978,2,0.1,0.9,0.1
24,3,12.2,3,1.996,2,0.1,0.9,0.1
25,2,8.4,11,1.986,1,0.9,0.1,0.1
13,3,11,3,2.001,2,0.1,0.9,0.1
25,3,12.1,3,1.985,2,0.1,0.9,0.1
24,3,12.1,3,1.999,2,0.1,0.9,0.1
3,2,8.4,11,1.987,1,0.9,0.1,0.1
24,2,10,5,1.996,1,0.9,0.1,0.1
14,1,6.5,3,1.974,1,0.9,0.1,0.1
22,3,10.9,2,2.008,3,0.1,0.1,0.9
5,3,12.1,3,1.998,2,0.1,0.9,0.1
12,4,14.7,4,1.985,3,0.1,0.1,0.9
4,1,8.8,12,1.973,3,0.1,0.1,0.9
4,1,7.2,3,1.975,1,0.9,0.1,0.1
1,1,8.3,9,1.98,1,0.9,0.1,0.1
19,4,13.1,10,2.001,2,0.1,0.9,0.1
23,2,10.4,5,1.984,2,0.1,0.9,0.1
16,2,10.6,5,1.99,1,0.9,0.1,0.1
22,3,13.3,5,1.995,3,0.1,0.1,0.9
15,2,8.2,3,1.976,2,0.1,0.9,0.1
13,3,11,10,2.008,2,0.1,0.9,0.1
10,2,10,9,1.98,2,0.1,0.9,0.1
22,2,10.8,5,1.985,2,0.1,0.9,0.1
2,4,14.4,1,1.986,3,0.1,0.1,0.9
0,2,9.2,9,1.981,2,0.1,0.9,0.1
24,2,8.8,11,1.989,1,0.9,0.1,0.1
24,4,14,1,1.999,3,0.1,0.1,0.9
25,2,8.4,11,1.985,1,0.9,0.1,0.1
25,1,6.4,11,1.985,1,0.9,0.1,0.1
4,1,6.7,9,1.976,1,0.9,0.1,0.1
7,2,8.5,5,2.003,2,0.1,0.9,0.1
18,1,5.6,12,1.973,1,0.9,0.1,0.1
1,1,6.7,9,1.985,1,0.9,0.1,0.1
0,4,15.3,1,1.996,3,0.1,0.1,0.9
17,3,11,10,2.005,2,0.1,0.9,0.1
19,3,11,3,2.001,2,0.1,0.9,0.1
0,1,6.7,9,1.978,1,0.9,0.1,0.1
24,3,11.1,10,2.004,1,0.9,0.1,0.1
17,3,11,10,2.003,2,0.1,0.9,0.1
11,3,12.1,3,1.987,2,0.1,0.9,0.1
5,4,14.3,4,1.999,3,0.1,0.1,0.9
25,1,6.7,9,1.982,1,0.9,0.1,0.1
13,2,10.3,5,1.985,2,0.1,0.9,0.1
11,2,9.1,9,1.985,2,0.1,0.9,0.1
1,2,9.2,9,1.979,2,0.1,0.9,0.1
8,2,10.4,10,1.999,1,0.9,0.1,0.1
12,2,9.2,9,1.984,2,0.1,0.9,0.1
22,3,12.2,3,1.989,2,0.1,0.9,0.1
18,1,5.9,3,1.974,1,0.9,0.1,0.1
19,2,9.1,5,2.001,1,0.9,0.1,0.1
18,3,11.1,3,2.003,3,0.1,0.1,0.9
13,1,7.3,5,1.984,1,0.9,0.1,0.1
11,2,10.4,5,1.987,2,0.1,0.9,0.1
10,1,6.03,12,1.967,1,0.9,0.1,0.1
13,4,13,1,2.001,3,0.1,0.1,0.9
9,1,6.7,9,1.979,1,0.9,0.1,0.1
10,2,9.2,9,1.976,3,0.1,0.1,0.9
8,3,12,3,1.999,1,0.9,0.1,0.1
24,2,9.2,9,1.985,1,0.9,0.1,0.1
0,1,6.8,9,1.981,1,0.9,0.1,0.1
5,2,9.3,10,2.004,2,0.1,0.9,0.1
8,2,9.1,9,1.981,1,0.9,0.1,0.1
7,1,6.8,3,1.978,2,0.1,0.9,0.1
20,3,11,3,2.001,3,0.1,0.1,0.9
10,2,9.1,9,1.978,2,0.1,0.9,0.1
18,1,6,3,1.97,1,0.9,0.1,0.1
24,4,14.6,4,1.986,2,0.1,0.9,0.1
20,2,8.8,7,2,1,0.9,0.1,0.1
22,2,10.3,5,1.984,1,0.9,0.1,0.1
2,2,11.2,5,1.992,3,0.1,0.1,0.9
9,4,16.1,4,1.985,3,0.1,0.1,0.9
24,1,6.7,9,1.986,1,0.9,0.1,0.1
17,2,9.2,10,2.009,2,0.1,0.9,0.1
11,1,6.4,11,1.989,1,0.9,0.1,0.1
24,3,11.3,10,2.002,2,0.1,0.9,0.1
0,1,8.9,9,1.979,2,0.1,0.9,0.1
14,2,9.2,5,2.012,3,0.1,0.1,0.9
20,2,9,10,2.009,2,0.1,0.9,0.1
11,1,7.4,5,1.983,1,0.9,0.1,0.1
1,3,11.7,12,1.979,2,0.1,0.9,0.1
9,2,10.4,5,1.984,2,0.1,0.9,0.1
24,2,10.7,10,1.999,2,0.1,0.9,0.1
13,3,12.7,3,1.988,2,0.1,0.9,0.1
18,2,9,5,2.008,3,0.1,0.1,0.9
3,4,14.4,1,1.998,3,0.1,0.1,0.9
3,2,10.5,5,1.989,2,0.1,0.9,0.1
13,2,9.4,10,2.008,2,0.1,0.9,0.1
13,3,11,3,2.001,2,0.1,0.9,0.1
24,4,14.2,4,1.999,3,0.1,0.1,0.9
0,1,6.8,9,1.98,1,0.9,0.1,0.1
19,2,9,5,2.001,1,0.9,0.1,0.1
24,2,9,7,1.998,1,0.9,0.1,0.1
1,2,9.2,9,1.979,2,0.1,0.9,0.1
22,4,14.6,4,1.988,3,0.1,0.1,0.9
25,3,13.2,5,1.992,2,0.1,0.9,0.1
8,4,14.6,4,1.996,3,0.1,0.1,0.9
18,1,6.5,3,1.976,1,0.9,0.1,0.1
25,3,12.1,3,1.987,2,0.1,0.9,0.1
8,3,12.1,3,1.997,2,0.1,0.9,0.1
22,3,12.2,3,1.988,2,0.1,0.9,0.1
13,4,15.6,4,1.985,3,0.1,0.1,0.9
5,2,10.1,5,1.997,1,0.9,0.1,0.1
16,2,10.6,5,1.989,1,0.9,0.1,0.1
10,3,11,3,2,3,0.1,0.1,0.9
20,3,11.1,10,2.002,1,0.9,0.1,0.1
18,1,5.6,12,1.983,1,0.9,0.1,0.1
22,2,10.5,5,1.984,2,0.1,0.9,0.1
12,2,10.2,5,1.998,2,0.1,0.9,0.1
11,4,13.9,1,1.997,3,0.1,0.1,0.9
24,4,16.1,1,1.994,3,0.1,0.1,0.9
10,1,6.31,12,1.971,1,0.9,0.1,0.1
14,1,6.6,3,1.972,1,0.9,0.1,0.1
22,1,7.4,5,1.988,1,0.9,0.1,0.1
17,3,11,3,2.003,2,0.1,0.9,0.1
19,2,10.2,10,2.001,1,0.9,0.1,0.1
13,1,5.9,3,1.975,1,0.9,0.1,0.1
12,1,7.2,5,2.013,1,0.9,0.1,0.1
10,2,9.3,5,2.011,3,0.1,0.1,0.9
16,3,12.6,3,1.993,2,0.1,0.9,0.1
14,4,14.1,1,1.986,3,0.1,0.1,0.9
5,2,9.5,10,2.004,2,0.1,0.9,0.1
0,1,6.8,9,1.98,1,0.9,0.1,0.1
17,1,6.9,10,2.012,1,0.9,0.1,0.1
9,2,9,5,2.002,3,0.1,0.1,0.9
15,1,6.5,3,1.975,2,0.1,0.9,0.1
11,1,6.7,9,1.984,1,0.9,0.1,0.1
24,1,6.5,3,1.974,1,0.9,0.1,0.1
16,2,8.4,11,1.988,1,0.9,0.1,0.1
22,3,12.8,3,1.995,2,0.1,0.9,0.1
17,2,9.1,10,2.005,2,0.1,0.9,0.1
17,3,11.2,10,2.013,2,0.1,0.9,0.1
4,0,3.4,12,1.971,1,0.9,0.1,0.1
24,1,6.5,3,1.976,1,0.9,0.1,0.1
23,1,5.7,12,1.968,1,0.9,0.1,0.1
14,2,9.4,9,1.98,2,0.1,0.9,0.1
1,1,6.8,9,1.981,1,0.9,0.1,0.1
13,4,12.5,1,2.002,2,0.1,0.9,0.1
4,3,13.6,5,1.984,3,0.1,0.1,0.9
22,1,6.7,9,1.984,1,0.9,0.1,0.1
22,2,10.4,5,1.988,2,0.1,0.9,0.1
13,1,7.4,5,1.984,1,0.9,0.1,0.1
11,3,11.7,3,1.997,3,0.1,0.1,0.9
23,1,6.7,3,1.969,1,0.9,0.1,0.1
2,3,12.1,3,1.984,3,0.1,0.1,0.9
14,1,6.3,12,1.981,1,0.9,0.1,0.1
1,1,6.5,3,1.976,1,0.9,0.1,0.1
11,1,6.7,9,1.985,1,0.9,0.1,0.1
16,2,10.3,5,1.989,2,0.1,0.9,0.1
10,1,5.6,12,1.967,1,0.9,0.1,0.1
23,1,6.7,3,1.971,1,0.9,0.1,0.1
0,1,8.1,9,1.98,2,0.1,0.9,0.1
4,2,9.1,9,1.978,2,0.1,0.9,0.1
16,3,13.3,5,1.993,3,0.1,0.1,0.9
20,2,9.4,10,2.001,1,0.9,0.1,0.1
20,3,11,3,2.001,2,0.1,0.9,0.1
13,3,12.1,3,1.99,2,0.1,0.9,0.1
10,2,10.4,5,1.986,2,0.1,0.9,0.1
16,2,10.5,5,1.989,2,0.1,0.9,0.1
17,2,9.4,10,2.004,2,0.1,0.9,0.1
25,2,10.5,5,1.989,1,0.9,0.1,0.1
19,4,12.5,1,2.002,2,0.1,0.9,0.1
11,2,9.1,9,1.986,1,0.9,0.1,0.1
1,2,9.2,9,1.979,2,0.1,0.9,0.1
11,2,8.4,11,1.987,2,0.1,0.9,0.1
14,1,5.9,3,1.981,1,0.9,0.1,0.1
10,1,7.5,3,1.982,1,0.9,0.1,0.1
1,1,6.7,9,1.983,1,0.9,0.1,0.1
7,0,5.4,3,1.982,1,0.9,0.1,0.1
24,3,12.5,3,1.996,2,0.1,0.9,0.1
9,2,9.2,9,1.978,2,0.1,0.9,0.1
4,3,11.7,3,1.981,3,0.1,0.1,0.9
25,2,10.4,5,1.987,1,0.9,0.1,0.1
16,2,10.5,5,1.989,2,0.1,0.9,0.1
8,4,14.6,4,1.989,3,0.1,0.1,0.9
8,2,8.5,7,2.002,1,0.9,0.1,0.1
1,1,6.8,9,1.98,1,0.9,0.1,0.1
25,1,6.7,9,1.985,1,0.9,0.1,0.1
22,3,12.7,3,1.995,2,0.1,0.9,0.1
8,3,11.1,3,2.002,1,0.9,0.1,0.1
20,1,8.3,5,2.007,1,0.9,0.1,0.1
5,1,7.3,5,1.988,1,0.9,0.1,0.1
0,2,8.3,9,1.978,2,0.1,0.9,0.1
5,3,11,10,2.004,2,0.1,0.9,0.1
17,3,11.2,10,2.003,2,0.1,0.9,0.1
9,3,12.1,3,1.984,3,0.1,0.1,0.9
25,2,8.4,11,1.985,1,0.9,0.1,0.1
20,3,11,10,2.003,2,0.1,0.9,0.1
25,1,6.7,9,1.985,1,0.9,0.1,0.1
24,4,17.7,1,1.995,3,0.1,0.1,0.9
10,2,9.1,9,1.98,2,0.1,0.9,0.1
22,1,6.4,11,1.987,1,0.9,0.1,0.1
8,3,12.3,3,1.996,2,0.1,0.9,0.1
13,4,13,1,2,2,0.1,0.9,0.1
17,4,12.8,10,2.004,2,0.1,0.9,0.1
8,3,12.6,3,1.996,2,0.1,0.9,0.1
13,2,9.1,5,2.002,2,0.1,0.9,0.1
23,1,6.7,3,1.97,1,0.9,0.1,0.1
22,3,11.9,3,1.997,2,0.1,0.9,0.1
9,1,6.7,9,1.978,1,0.9,0.1,0.1
25,1,6.7,9,1.985,1,0.9,0.1,0.1
4,2,9.2,9,1.978,2,0.1,0.9,0.1
9,3,11.9,3,1.979,3,0.1,0.1,0.9
5,3,11,10,2.002,2,0.1,0.9,0.1
15,2,8.2,3,1.975,2,0.1,0.9,0.1
0,2,9.5,5,2.006,3,0.1,0.1,0.9
13,1,5.9,3,1.978,1,0.9,0.1,0.1
24,2,10,5,1.996,1,0.9,0.1,0.1
19,4,14.3,4,1.998,3,0.1,0.1,0.9
21,2,9.1,9,1.985,1,0.9,0.1,0.1
9,1,6.7,9,1.979,2,0.1,0.9,0.1
8,2,10.4,5,1.993,1,0.9,0.1,0.1
13,3,11,10,2.008,2,0.1,0.9,0.1
17,3,11,10,2.005,2,0.1,0.9,0.1
12,3,13.1,5,1.985,2,0.1,0.9,0.1
4,3,12.6,3,1.996,3,0.1,0.1,0.9
9,1,6.7,9,1.979,1,0.9,0.1,0.1
23,2,9.1,5,2.006,2,0.1,0.9,0.1
3,1,6.8,9,1.986,1,0.9,0.1,0.1
24,4,16.3,1,1.995,3,0.1,0.1,0.9
22,1,7.6,5,1.984,1,0.9,0.1,0.1
4,2,9,5,2.008,3,0.1,0.1,0.9
5,3,11,10,2.002,1,0.9,0.1,0.1
20,2,9,5,2.002,2,0.1,0.9,0.1
4,2,9,5,2.002,3,0.1,0.1,0.9
13,2,9.1,5,2,1,0.9,0.1,0.1
20,4,13.5,1,1.999,3,0.1,0.1,0.9
4,2,7.4,12,1.97,2,0.1,0.9,0.1
16,3,12.2,3,1.995,2,0.1,0.9,0.1
24,2,9.1,9,1.987,1,0.9,0.1,0.1
5,3,12.2,3,1.988,2,0.1,0.9,0.1
16,3,12.5,3,1.996,2,0.1,0.9,0.1
8,2,9.2,9,1.978,1,0.9,0.1,0.1
1,1,6.7,9,1.978,1,0.9,0.1,0.1
24,2,10.3,5,1.993,1,0.9,0.1,0.1
13,1,6.6,3,1.974,1,0.9,0.1,0.1
20,3,11.6,3,2,2,0.1,0.9,0.1
8,2,10.9,5,1.995,1,0.9,0.1,0.1
20,2,9.5,10,2.004,1,0.9,0.1,0.1
23,1,6.7,3,1.972,2,0.1,0.9,0.1
3,2,8.4,11,1.987,1,0.9,0.1,0.1
13,3,11,3,2.001,2,0.1,0.9,0.1
9,1,6.8,9,1.98,1,0.9,0.1,0.1
0,3,11.8,3,1.981,3,0.1,0.1,0.9
4,1,7.6,3,1.973,2,0.1,0.9,0.1
13,3,10.9,12,1.979,2,0.1,0.9,0.1
13,3,11,3,2.001,2,0.1,0.9,0.1
13,2,10.4,5,1.99,1,0.9,0.1,0.1
13,1,7.3,5,1.988,1,0.9,0.1,0.1
12,3,13.5,5,1.984,2,0.1,0.9,0.1
13,2,10.4,5,1.99,1,0.9,0.1,0.1
0,1,6.7,9,1.979,1,0.9,0.1,0.1
16,2,10.4,5,1.992,2,0.1,0.9,0.1
13,4,13.3,1,2.002,3,0.1,0.1,0.9
24,4,17.7,1,1.995,3,0.1,0.1,0.9
24,4,17.4,1,1.995,3,0.1,0.1,0.9
22,2,10.6,5,1.984,2,0.1,0.9,0.1
25,1,6.8,3,1.985,1,0.9,0.1,0.1
3,2,9.2,5,2.004,2,0.1,0.9,0.1
13,1,6.5,3,1.976,1,0.9,0.1,0.1
23,3,11.6,3,2.001,3,0.1,0.1,0.9
18,1,6.7,9,1.979,1,0.9,0.1,0.1
22,1,6.4,11,1.985,1,0.9,0.1,0.1
20,3,12.1,3,1.999,2,0.1,0.9,0.1
4,1,6.7,9,1.981,1,0.9,0.1,0.1
22,2,8.4,11,1.986,1,0.9,0.1,0.1
16,2,10.3,5,1.989,2,0.1,0.9,0.1
12,1,6.7,9,1.981,1,0.9,0.1,0.1
3,2,9.1,9,1.985,1,0.9,0.1,0.1
18,1,6.5,3,1.976,2,0.1,0.9,0.1
19,3,11.1,10,2.001,2,0.1,0.9,0.1
25,1,6.4,11,1.987,1,0.9,0.1,0.1
10,1,6.8,9,1.981,1,0.9,0.1,0.1
24,2,8.6,7,2,1,0.9,0.1,0.1
23,1,6.5,3,1.972,1,0.9,0.1,0.1
21,1,6,3,1.985,1,0.9,0.1,0.1
0,2,9.3,9,1.981,2,0.1,0.9,0.1
25,3,13.3,3,1.986,2,0.1,0.9,0.1
20,4,13,1,2.001,3,0.1,0.1,0.9
16,2,10.3,5,1.996,1,0.9,0.1,0.1
20,3,11,3,2,2,0.1,0.9,0.1
5,2,10.4,5,1.988,1,0.9,0.1,0.1
13,1,6.7,9,1.985,1,0.9,0.1,0.1
23,0,4.3,12,1.967,1,0.9,0.1,0.1
11,2,9,7,1.998,2,0.1,0.9,0.1
14,3,10.9,3,2.004,3,0.1,0.1,0.9
18,1,6.5,3,1.978,1,0.9,0.1,0.1
13,1,7.4,3,1.976,1,0.9,0.1,0.1
8,1,7.3,5,1.989,1,0.9,0.1,0.1
2,1,6.4,11,1.988,2,0.1,0.9,0.1
18,2,9,5,2.006,3,0.1,0.1,0.9
25,1,6.7,9,1.985,1,0.9,0.1,0.1
1,1,6.6,3,1.983,1,0.9,0.1,0.1
3,2,8.4,11,1.986,1,0.9,0.1,0.1
13,3,11,10,2.008,2,0.1,0.9,0.1
13,2,10.9,5,1.985,1,0.9,0.1,0.1
9,1,6.7,9,1.979,1,0.9,0.1,0.1
16,3,12.6,3,1.995,2,0.1,0.9,0.1
8,3,11,3,2.002,2,0.1,0.9,0.1
25,1,7.4,5,1.988,1,0.9,0.1,0.1
19,2,9.4,10,2.001,2,0.1,0.9,0.1
14,4,14,1,1.986,3,0.1,0.1,0.9
16,3,13.4,5,1.996,2,0.1,0.9,0.1
8,2,10.5,5,1.993,2,0.1,0.9,0.1
12,1,7.3,3,1.979,1,0.9,0.1,0.1
13,2,9.3,10,2.006,2,0.1,0.9,0.1
13,1,7.5,5,1.984,1,0.9,0.1,0.1
24,3,11.9,3,1.996,2,0.1,0.9,0.1
24,2,10.2,5,1.998,1,0.9,0.1,0.1
25,1,6.7,9,1.985,1,0.9,0.1,0.1
13,4,13,1,2.001,3,0.1,0.1,0.9
16,2,10.5,5,1.996,2,0.1,0.9,0.1
13,2,9.1,5,2,2,0.1,0.9,0.1
11,2,8.5,7,2.004,1,0.9,0.1,0.1
13,1,7.3,5,1.988,1,0.9,0.1,0.1
25,2,8.4,11,1.987,1,0.9,0.1,0.1
1,2,9.2,9,1.979,2,0.1,0.9,0.1
11,2,10.1,5,1.998,1,0.9,0.1,0.1
20,2,9.3,5,2.012,2,0.1,0.9,0.1
5,2,9,10,2.002,1,0.9,0.1,0.1
23,2,10.4,5,1.989,2,0.1,0.9,0.1
25,2,8.4,11,1.988,1,0.9,0.1,0.1
25,3,12.2,3,1.988,2,0.1,0.9,0.1
21,3,12.1,3,1.986,3,0.1,0.1,0.9
4,1,8.8,9,1.978,2,0.1,0.9,0.1
16,2,10.4,5,1.996,1,0.9,0.1,0.1
4,2,8.4,11,1.986,2,0.1,0.9,0.1
1,2,9.2,9,1.98,2,0.1,0.9,0.1
1,2,8.4,11,1.987,1,0.9,0.1,0.1
5,3,12.1,3,1.998,2,0.1,0.9,0.1
1,4,14.8,4,1.985,2,0.1,0.9,0.1
13,1,6.4,11,1.986,1,0.9,0.1,0.1
4,3,11.7,3,1.977,3,0.1,0.1,0.9
22,2,10.4,5,1.988,2,0.1,0.9,0.1
23,1,6.7,3,1.97,1,0.9,0.1,0.1
12,3,12.1,3,1.983,2,0.1,0.9,0.1
22,2,10.4,5,1.984,2,0.1,0.9,0.1
25,4,15.9,1,1.992,3,0.1,0.1,0.9
13,3,12.2,3,1.998,2,0.1,0.9,0.1
16,2,10.3,5,1.989,2,0.1,0.9,0.1
5,2,8.4,11,1.988,1,0.9,0.1,0.1
4,1,6.3,3,1.973,1,0.9,0.1,0.1
6,1,7.3,3,1.974,2,0.1,0.9,0.1
25,2,9.3,9,1.985,1,0.9,0.1,0.1
13,2,9.1,5,2,2,0.1,0.9,0.1
13,2,10.6,5,1.993,1,0.9,0.1,0.1
3,1,6.9,3,1.988,1,0.9,0.1,0.1
25,2,9.7,5,2.012,2,0.1,0.9,0.1
20,2,9,5,2.001,1,0.9,0.1,0.1
21,2,9.4,9,1.984,2,0.1,0.9,0.1
0,1,7.5,9,1.98,1,0.9,0.1,0.1
1,2,9.2,9,1.979,1,0.9,0.1,0.1
8,3,11,3,2.002,1,0.9,0.1,0.1
25,3,12.2,3,1.988,2,0.1,0.9,0.1
22,2,10.3,5,1.984,2,0.1,0.9,0.1
13,3,12.3,10,1.998,2,0.1,0.9,0.1
3,2,10.3,5,1.985,1,0.9,0.1,0.1
23,1,6.7,3,1.97,1,0.9,0.1,0.1
23,4,14.7,1,1.993,3,0.1,0.1,0.9
2,1,6.8,3,1.973,1,0.9,0.1,0.1
5,2,9,10,2.004,2,0.1,0.9,0.1
20,4,13.4,10,2.001,3,0.1,0.1,0.9
8,1,6.8,9,1.981,1,0.9,0.1,0.1
20,2,8.5,7,2.001,2,0.1,0.9,0.1
11,4,14.8,4,1.987,3,0.1,0.1,0.9
14,2,9,5,2.006,3,0.1,0.1,0.9
3,2,10.4,5,1.985,2,0.1,0.9,0.1
3,2,10.7,5,1.985,2,0.1,0.9,0.1
24,3,11.1,3,2.001,2,0.1,0.9,0.1
20,2,9.5,5,2.013,2,0.1,0.9,0.1
13,1,6.7,9,1.983,1,0.9,0.1,0.1
22,3,12.2,3,1.988,3,0.1,0.1,0.9
11,2,9.3,9,1.985,1,0.9,0.1,0.1
25,2,8.3,11,1.987,1,0.9,0.1,0.1
0,3,12.5,3,1.993,2,0.1,0.9,0.1
25,3,12.5,3,1.993,2,0.1,0.9,0.1
18,3,11,3,2,3,0.1,0.1,0.9
14,2,10.1,5,1.997,3,0.1,0.1,0.9
12,2,9.1,7,1.998,2,0.1,0.9,0.1
1,2,9.2,9,1.978,2,0.1,0.9,0.1
20,3,11,10,2.006,2,0.1,0.9,0.1
17,3,11,3,2.004,2,0.1,0.9,0.1
14,1,6,12,1.969,1,0.9,0.1,0.1
12,1,6.7,9,1.983,1,0.9,0.1,0.1
11,2,10.5,5,1.99,2,0.1,0.9,0.1
13,3,11,3,2,2,0.1,0.9,0.1
22,1,7.4,5,1.988,1,0.9,0.1,0.1
14,1,6.8,9,1.979,1,0.9,0.1,0.1
8,2,10.9,5,1.996,2,0.1,0.9,0.1
14,1,6.8,3,1.979,2,0.1,0.9,0.1
4,2,10,5,2.005,3,0.1,0.1,0.9
23,2,7.6,5,2.009,3,0.1,0.1,0.9
20,4,13.4,10,2.001,3,0.1,0.1,0.9
25,2,8.9,11,1.988,1,0.9,0.1,0.1
25,3,12.2,3,1.988,2,0.1,0.9,0.1
20,2,9.5,10,2.012,2,0.1,0.9,0.1
23,2,10.4,5,1.989,2,0.1,0.9,0.1
13,2,9.1,5,2.001,1,0.9,0.1,0.1
13,2,10.2,5,1.997,2,0.1,0.9,0.1
25,1,7.4,5,1.983,1,0.9,0.1,0.1
9,1,8.2,9,1.978,2,0.1,0.9,0.1
3,1,6,3,1.988,1,0.9,0.1,0.1
22,2,10.5,5,1.985,2,0.1,0.9,0.1
24,1,7.3,9,1.98,1,0.9,0.1,0.1
4,1,5.3,12,1.969,1,0.9,0.1,0.1
22,2,10.4,5,1.985,2,0.1,0.9,0.1
23,3,12,3,1.998,3,0.1,0.1,0.9
23,1,5.7,12,1.968,1,0.9,0.1,0.1
23,1,6.1,12,1.973,1,0.9,0.1,0.1
22,2,10.4,5,1.988,2,0.1,0.9,0.1
8,3,11.6,3,1.999,1,0.9,0.1,0.1
17,3,11.4,10,2.004,2,0.1,0.9,0.1
0,3,12,2,2.011,3,0.1,0.1,0.9
17,2,9,5,2.003,2,0.1,0.9,0.1
1,2,8.4,3,1.977,1,0.9,0.1,0.1
21,1,6,3,1.985,1,0.9,0.1,0.1
18,1,6.9,5,2.012,2,0.1,0.9,0.1
22,3,12.2,3,1.988,3,0.1,0.1,0.9
13,4,13,1,2,3,0.1,0.1,0.9
24,1,6,3,1.985,1,0.9,0.1,0.1
25,3,13.3,3,1.986,2,0.1,0.9,0.1
18,2,8.4,3,1.974,2,0.1,0.9,0.1
15,1,7,3,1.975,2,0.1,0.9,0.1
25,3,12.2,3,1.987,1,0.9,0.1,0.1
16,3,12.6,3,1.995,2,0.1,0.9,0.1
22,3,10.9,2,2.008,3,0.1,0.1,0.9
22,1,7.5,5,1.983,1,0.9,0.1,0.1
22,3,12.1,3,1.985,2,0.1,0.9,0.1
4,3,12,3,1.996,3,0.1,0.1,0.9
11,2,8.4,11,1.987,2,0.1,0.9,0.1
1,2,9.5,9,1.981,1,0.9,0.1,0.1
1,1,6.8,9,1.979,1,0.9,0.1,0.1
13,4,13.9,1,1.997,3,0.1,0.1,0.9
5,3,12.1,3,1.999,2,0.1,0.9,0.1
25,4,14.6,4,1.987,3,0.1,0.1,0.9
3,3,11.9,3,1.997,3,0.1,0.1,0.9
17,2,9,5,2.003,1,0.9,0.1,0.1
3,2,10.3,5,1.998,2,0.1,0.9,0.1
17,2,9.4,5,2.012,2,0.1,0.9,0.1
25,2,8.4,11,1.985,1,0.9,0.1,0.1
1,1,6.8,9,1.98,1,0.9,0.1,0.1
0,2,9.8,9,1.979,2,0.1,0.9,0.1
13,1,6.5,3,1.977,1,0.9,0.1,0.1
3,1,7.3,5,1.986,1,0.9,0.1,0.1
5,2,9.3,10,2.004,2,0.1,0.9,0.1
9,1,6.8,9,1.98,1,0.9,0.1,0.1
16,3,12.8,3,1.996,2,0.1,0.9,0.1
25,1,6.4,11,1.987,1,0.9,0.1,0.1
13,3,12.8,3,1.996,2,0.1,0.9,0.1
17,2,9.3,5,2.012,2,0.1,0.9,0.1
2,2,11.2,5,1.992,2,0.1,0.9,0.1
1,4,14.7,4,1.984,3,0.1,0.1,0.9
17,3,11,3,2.003,2,0.1,0.9,0.1
2,3,12.1,3,1.987,3,0.1,0.1,0.9
20,2,9.6,10,2.012,2,0.1,0.9,0.1
5,4,13,1,2.001,3,0.1,0.1,0.9
21,1,7.3,3,1.983,1,0.9,0.1,0.1
8,2,10.4,5,1.989,1,0.9,0.1,0.1
24,4,14.1,1,1.999,3,0.1,0.1,0.9
20,2,9.3,5,2.013,2,0.1,0.9,0.1
20,2,9,10,2.009,2,0.1,0.9,0.1
14,2,9.1,3,1.974,2,0.1,0.9,0.1
20,3,12.1,3,1.999,2,0.1,0.9,0.1
16,3,12.5,3,1.996,2,0.1,0.9,0.1
4,2,7.4,12,1.97,2,0.1,0.9,0.1
8,2,10.4,5,1.989,1,0.9,0.1,0.1
5,2,10.1,5,1.997,1,0.9,0.1,0.1
13,1,5.9,3,1.978,1,0.9,0.1,0.1
20,4,13.4,10,2.001,3,0.1,0.1,0.9
19,4,12.5,1,2.002,3,0.1,0.1,0.9
25,2,8.4,11,1.988,1,0.9,0.1,0.1
24,2,8.9,11,1.994,1,0.9,0.1,0.1
16,2,11.4,5,1.989,1,0.9,0.1,0.1
4,1,8.8,12,1.974,3,0.1,0.1,0.9
13,4,14.7,1,1.993,2,0.1,0.9,0.1
21,3,12,3,1.997,2,0.1,0.9,0.1
8,1,7.3,5,1.989,1,0.9,0.1,0.1
6,3,12.8,3,1.988,3,0.1,0.1,0.9
16,2,10.6,5,1.993,2,0.1,0.9,0.1
13,3,12.2,3,1.997,2,0.1,0.9,0.1
10,1,5.8,3,1.972,1,0.9,0.1,0.1
25,5,16.4,8,1.987,3,0.1,0.1,0.9
13,3,11.5,10,2.001,2,0.1,0.9,0.1
22,3,13.3,5,1.984,3,0.1,0.1,0.9
17,3,11.4,10,2.004,3,0.1,0.1,0.9
7,1,7,3,1.977,2,0.1,0.9,0.1
1,2,9.2,5,2.006,3,0.1,0.1,0.9
8,2,10.6,5,1.995,2,0.1,0.9,0.1
5,2,9,10,2.003,2,0.1,0.9,0.1
16,3,12.2,3,1.993,2,0.1,0.9,0.1
23,2,10.4,5,1.988,2,0.1,0.9,0.1
8,3,12,3,1.999,2,0.1,0.9,0.1
23,1,6.6,3,1.97,1,0.9,0.1,0.1
14,3,10.7,2,2.011,3,0.1,0.1,0.9
1,2,8.8,3,1.976,1,0.9,0.1,0.1
20,3,11.1,10,2.002,2,0.1,0.9,0.1
22,1,7.3,5,1.984,1,0.9,0.1,0.1
13,3,13.3,5,1.985,2,0.1,0.9,0.1
9,2,9.1,9,1.979,2,0.1,0.9,0.1
23,3,14,5,1.984,3,0.1,0.1,0.9
10,1,5.9,3,1.977,1,0.9,0.1,0.1
20,2,9.5,5,2,2,0.1,0.9,0.1
23,2,9.1,5,2.009,3,0.1,0.1,0.9
11,3,12.1,3,1.987,2,0.1,0.9,0.1
19,2,9.4,5,2.01,1,0.9,0.1,0.1
0,3,11.9,3,1.979,3,0.1,0.1,0.9
4,2,8.5,5,2.003,3,0.1,0.1,0.9
22,2,10.4,5,1.985,2,0.1,0.9,0.1
22,3,12.8,3,1.988,2,0.1,0.9,0.1
4,1,7.6,3,1.975,1,0.9,0.1,0.1
16,4,14.3,1,1.996,3,0.1,0.1,0.9
5,4,14.6,4,1.989,3,0.1,0.1,0.9
1,1,6.7,9,1.979,1,0.9,0.1,0.1
20,3,11,3,2.002,2,0.1,0.9,0.1
1,1,6.8,9,1.979,1,0.9,0.1,0.1
20,2,9,5,2.005,1,0.9,0.1,0.1
25,2,8.4,11,1.987,1,0.9,0.1,0.1
16,4,14.6,4,1.989,3,0.1,0.1,0.9
20,3,11.3,10,2.001,2,0.1,0.9,0.1
13,4,14.6,1,1.993,2,0.1,0.9,0.1
19,3,11.1,10,2.001,2,0.1,0.9,0.1
13,2,10.4,5,1.989,1,0.9,0.1,0.1
18,0,4.6,12,1.971,1,0.9,0.1,0.1
25,1,6.4,11,1.987,1,0.9,0.1,0.1
20,3,11,3,2.002,1,0.9,0.1,0.1
19,3,11,3,2.001,2,0.1,0.9,0.1
9,3,11.3,3,2.013,3,0.1,0.1,0.9
24,1,6.7,9,1.985,1,0.9,0.1,0.1
17,4,13,10,2.003,2,0.1,0.9,0.1
20,2,9,10,2.009,2,0.1,0.9,0.1
13,3,11.3,10,2.003,2,0.1,0.9,0.1
8,3,12.6,10,1.999,2,0.1,0.9,0.1
4,2,9,5,2.009,3,0.1,0.1,0.9
8,2,10.4,5,1.989,1,0.9,0.1,0.1
25,2,10.4,5,1.988,1,0.9,0.1,0.1
25,2,10.4,5,1.987,1,0.9,0.1,0.1
25,2,8.9,11,1.987,1,0.9,0.1,0.1
1,2,9.2,9,1.979,1,0.9,0.1,0.1
0,2,9.1,9,1.98,2,0.1,0.9,0.1
17,2,9,5,2.004,2,0.1,0.9,0.1
18,1,6.5,3,1.975,2,0.1,0.9,0.1
19,3,11,3,2.001,2,0.1,0.9,0.1
7,3,10.7,15,2.011,3,0.1,0.1,0.9
25,1,6.4,11,1.987,1,0.9,0.1,0.1
11,3,13,3,1.987,2,0.1,0.9,0.1
13,3,14.5,6,1.984,2,0.1,0.9,0.1
15,1,6.5,3,1.975,2,0.1,0.9,0.1
23,2,8.7,3,1.973,1,0.9,0.1,0.1
23,1,6.5,3,1.968,1,0.9,0.1,0.1
24,1,6.5,3,1.976,1,0.9,0.1,0.1
1,3,12.1,3,1.981,2,0.1,0.9,0.1
20,2,9.5,5,2,2,0.1,0.9,0.1
23,1,6.5,3,1.972,1,0.9,0.1,0.1
11,4,14.9,4,1.984,3,0.1,0.1,0.9
3,1,6.7,9,1.985,1,0.9,0.1,0.1
24,2,10,5,1.997,1,0.9,0.1,0.1
10,1,6.1,12,1.969,1,0.9,0.1,0.1
22,1,7.3,5,1.984,1,0.9,0.1,0.1
18,1,6.5,12,1.971,1,0.9,0.1,0.1
12,2,9.9,9,1.981,1,0.9,0.1,0.1
0,1,7.3,9,1.978,1,0.9,0.1,0.1
24,1,6.5,3,1.974,1,0.9,0.1,0.1
10,2,9.1,9,1.98,1,0.9,0.1,0.1
13,2,9.1,5,2,2,0.1,0.9,0.1
9,1,7.4,5,1.983,1,0.9,0.1,0.1
18,1,6.5,3,1.978,1,0.9,0.1,0.1
4,1,8.8,9,1.976,2,0.1,0.9,0.1
0,1,6.8,9,1.981,1,0.9,0.1,0.1
8,2,10.1,5,1.999,2,0.1,0.9,0.1
1,1,6.3,11,1.988,1,0.9,0.1,0.1
24,4,17.6,1,1.994,3,0.1,0.1,0.9
19,2,9,5,2.001,1,0.9,0.1,0.1
0,1,6.7,9,1.98,1,0.9,0.1,0.1
2,2,10.4,5,1.992,3,0.1,0.1,0.9
18,1,6.5,3,1.976,1,0.9,0.1,0.1
13,3,11,3,2.001,2,0.1,0.9,0.1
8,3,12.5,10,1.999,2,0.1,0.9,0.1
19,2,8.6,7,2.001,1,0.9,0.1,0.1
23,1,6.3,12,1.983,1,0.9,0.1,0.1
24,2,8.4,11,1.996,1,0.9,0.1,0.1
3,2,9,5,2.005,2,0.1,0.9,0.1
5,2,10.3,5,1.988,1,0.9,0.1,0.1
25,2,9.2,5,2.012,1,0.9,0.1,0.1
19,3,11.1,3,2.004,2,0.1,0.9,0.1
22,1,7.4,5,1.987,1,0.9,0.1,0.1
12,1,8.3,9,1.989,1,0.9,0.1,0.1
22,2,10.6,5,1.984,2,0.1,0.9,0.1
1,1,6.5,3,1.976,1,0.9,0.1,0.1
5,2,10.3,5,1.998,2,0.1,0.9,0.1
25,1,6.4,11,1.987,1,0.9,0.1,0.1
13,4,14.6,4,1.989,3,0.1,0.1,0.9
24,2,10,5,1.998,1,0.9,0.1,0.1
1,3,12.1,3,1.998,2,0.1,0.9,0.1
13,2,10.4,5,1.99,1,0.9,0.1,0.1
13,1,5.9,3,1.975,1,0.9,0.1,0.1
23,2,10.4,5,1.998,2,0.1,0.9,0.1
24,2,9.3,10,2.003,1,0.9,0.1,0.1
16,2,10.4,5,1.995,2,0.1,0.9,0.1
1,1,6.7,9,1.979,1,0.9,0.1,0.1
1,2,8.4,3,1.977,2,0.1,0.9,0.1
19,2,9,5,2.004,2,0.1,0.9,0.1
25,2,8.4,11,1.986,1,0.9,0.1,0.1
20,3,11.2,10,2.003,2,0.1,0.9,0.1
24,4,17,1,1.995,3,0.1,0.1,0.9
0,0,4.4,3,1.977,1,0.9,0.1,0.1
23,1,6.7,3,1.969,1,0.9,0.1,0.1
11,2,11.1,5,1.985,2,0.1,0.9,0.1
13,2,10.4,5,1.985,1,0.9,0.1,0.1
8,4,15.2,1,1.995,3,0.1,0.1,0.9
0,1,6.7,9,1.979,1,0.9,0.1,0.1
12,1,7.7,3,1.977,1,0.9,0.1,0.1
14,3,12.3,3,1.996,3,0.1,0.1,0.9
3,3,12.1,3,1.998,2,0.1,0.9,0.1
14,1,6.4,11,1.987,1,0.9,0.1,0.1
10,2,9.1,9,1.98,1,0.9,0.1,0.1
19,3,11.5,3,1.999,2,0.1,0.9,0.1
0,3,11,3,2.002,3,0.1,0.1,0.9
21,2,8.4,11,1.987,2,0.1,0.9,0.1
4,2,8.5,5,2.009,3,0.1,0.1,0.9
22,3,12.2,3,1.987,2,0.1,0.9,0.1
16,2,10.6,5,1.989,2,0.1,0.9,0.1
14,2,8.81,3,1.974,2,0.1,0.9,0.1
25,2,8.4,11,1.985,1,0.9,0.1,0.1
25,2,10.5,5,1.989,1,0.9,0.1,0.1
24,3,11.7,3,1.997,2,0.1,0.9,0.1
17,3,11.1,10,2.003,2,0.1,0.9,0.1
24,3,11.1,3,2.001,1,0.9,0.1,0.1
22,2,10.8,5,1.986,2,0.1,0.9,0.1
3,1,7,11,1.986,1,0.9,0.1,0.1
0,2,9.8,9,1.978,2,0.1,0.9,0.1
22,4,14.6,4,1.996,3,0.1,0.1,0.9
4,3,11,3,2.003,3,0.1,0.1,0.9
22,2,10.4,5,1.984,2,0.1,0.9,0.1
14,2,9,5,2.006,3,0.1,0.1,0.9
16,2,10.3,5,1.989,2,0.1,0.9,0.1
24,3,12.5,3,1.996,2,0.1,0.9,0.1
17,2,9.7,10,2.012,2,0.1,0.9,0.1
0,1,6.7,9,1.979,1,0.9,0.1,0.1
5,2,9,7,2.002,1,0.9,0.1,0.1
17,4,12.8,10,2.004,3,0.1,0.1,0.9
4,3,11.5,3,2.005,3,0.1,0.1,0.9
25,1,6.7,9,1.986,1,0.9,0.1,0.1
24,1,6.8,9,1.995,1,0.9,0.1,0.1
22,2,9.1,9,1.984,2,0.1,0.9,0.1
17,2,9,10,2.007,2,0.1,0.9,0.1
1,1,6.8,9,1.98,1,0.9,0.1,0.1
3,2,10.4,5,1.985,2,0.1,0.9,0.1
17,3,11,3,2.004,3,0.1,0.1,0.9
11,4,14.1,1,2,3,0.1,0.1,0.9
13,2,8.6,7,2.002,1,0.9,0.1,0.1
25,2,8.4,11,1.987,1,0.9,0.1,0.1
5,4,12.5,10,2.002,2,0.1,0.9,0.1
11,4,14.8,4,1.992,3,0.1,0.1,0.9
11,2,10.4,5,1.992,2,0.1,0.9,0.1
22,2,8.4,11,1.988,2,0.1,0.9,0.1
9,1,6.8,9,1.98,1,0.9,0.1,0.1
15,2,8.2,3,1.975,2,0.1,0.9,0.1
14,1,5.9,3,1.976,1,0.9,0.1,0.1
17,3,11,3,2.003,2,0.1,0.9,0.1
16,3,12.3,3,1.993,2,0.1,0.9,0.1
11,4,14.8,4,1.991,3,0.1,0.1,0.9
11,2,9.2,9,1.985,1,0.9,0.1,0.1
22,2,10.7,5,1.996,2,0.1,0.9,0.1
11,3,12.1,3,1.999,2,0.1,0.9,0.1
14,3,10.9,2,2.011,3,0.1,0.1,0.9
24,2,10,5,1.997,1,0.9,0.1,0.1
2,2,10.4,5,1.992,3,0.1,0.1,0.9
22,2,10.4,5,1.993,2,0.1,0.9,0.1
18,1,6.5,3,1.975,2,0.1,0.9,0.1
17,4,12.9,10,2.003,3,0.1,0.1,0.9
3,2,10.4,5,1.985,2,0.1,0.9,0.1
22,2,10.3,5,1.997,2,0.1,0.9,0.1
23,0,4,12,1.968,1,0.9,0.1,0.1
15,2,8.7,3,1.976,2,0.1,0.9,0.1
25,1,6.7,9,1.985,1,0.9,0.1,0.1
23,2,10.3,5,1.997,3,0.1,0.1,0.9
2,2,8.3,11,1.987,2,0.1,0.9,0.1
13,2,8.5,7,2,2,0.1,0.9,0.1
11,3,11.6,3,1.999,2,0.1,0.9,0.1
17,3,11.2,10,2.013,2,0.1,0.9,0.1
22,2,10.4,5,1.989,2,0.1,0.9,0.1
5,4,13,1,2.002,3,0.1,0.1,0.9
9,1,6.1,5,2.003,1,0.9,0.1,0.1
11,2,10.3,5,1.99,2,0.1,0.9,0.1
13,1,7.4,5,1.986,1,0.9,0.1,0.1
20,2,8.6,7,2.001,2,0.1,0.9,0.1
11,3,12.2,3,1.998,2,0.1,0.9,0.1
1,1,6.7,9,1.982,1,0.9,0.1,0.1
23,0,5,12,1.983,1,0.9,0.1,0.1
12,3,12,3,1.998,3,0.1,0.1,0.9
19,2,9.5,10,2.001,2,0.1,0.9,0.1
16,3,12.3,3,1.996,2,0.1,0.9,0.1
7,2,9.6,14,2.011,3,0.1,0.1,0.9
12,4,14.9,4,1.985,3,0.1,0.1,0.9
11,2,8.4,11,1.986,1,0.9,0.1,0.1
20,3,11,3,2.001,2,0.1,0.9,0.1
5,2,10.1,5,1.999,1,0.9,0.1,0.1
8,2,10.4,5,1.992,1,0.9,0.1,0.1
2,2,8.4,11,1.988,2,0.1,0.9,0.1
0,2,9.2,9,1.978,2,0.1,0.9,0.1
15,1,6.5,3,1.976,2,0.1,0.9,0.1
1,2,8.4,3,1.977,2,0.1,0.9,0.1
25,2,8.4,11,1.987,1,0.9,0.1,0.1
24,2,10.5,10,1.999,2,0.1,0.9,0.1
24,1,6.5,3,1.976,1,0.9,0.1,0.1
19,2,9,5,2.004,1,0.9,0.1,0.1
22,2,10.4,5,1.988,2,0.1,0.9,0.1
19,2,10.2,10,2.001,1,0.9,0.1,0.1
24,3,12.4,3,1.996,1,0.9,0.1,0.1
1,2,9,3,1.977,1,0.9,0.1,0.1
24,2,9.1,9,1.986,1,0.9,0.1,0.1
17,2,9.3,10,2.011,2,0.1,0.9,0.1
22,3,12.9,3,1.995,3,0.1,0.1,0.9
5,4,13,10,2.001,3,0.1,0.1,0.9
4,2,10,5,2.007,3,0.1,0.1,0.9
23,3,11,3,2.002,3,0.1,0.1,0.9
13,3,12.1,3,1.997,2,0.1,0.9,0.1
4,2,8.4,11,1.986,2,0.1,0.9,0.1
24,4,17.6,1,1.995,3,0.1,0.1,0.9
13,2,10.3,5,1.997,1,0.9,0.1,0.1
18,1,8.4,13,1.968,3,0.1,0.1,0.9
23,2,8.1,3,1.973,2,0.1,0.9,0.1
19,3,11,3,2.001,2,0.1,0.9,0.1
0,2,9.3,9,1.981,2,0.1,0.9,0.1
1,1,8.2,9,1.985,1,0.9,0.1,0.1
7,1,6.7,9,1.984,2,0.1,0.9,0.1
24,2,10,5,1.997,1,0.9,0.1,0.1
7,1,7,3,1.984,2,0.1,0.9,0.1
24,3,12.3,12,1.976,1,0.9,0.1,0.1
2,2,10.3,5,1.992,3,0.1,0.1,0.9
11,3,14.2,6,1.984,3,0.1,0.1,0.9
18,1,6.5,3,1.976,1,0.9,0.1,0.1
6,2,10.4,5,1.988,3,0.1,0.1,0.9
17,3,11,3,2.003,2,0.1,0.9,0.1
4,1,6,5,2.002,2,0.1,0.9,0.1
21,3,12,3,1.997,2,0.1,0.9,0.1
16,4,14.7,1,1.993,2,0.1,0.9,0.1
25,2,8.3,11,1.987,1,0.9,0.1,0.1
16,3,12.8,3,1.996,2,0.1,0.9,0.1
10,1,5.9,3,1.977,1,0.9,0.1,0.1
13,1,7.4,5,1.984,1,0.9,0.1,0.1
11,4,14.9,4,1.99,3,0.1,0.1,0.9
14,1,6.5,3,1.974,1,0.9,0.1,0.1
22,1,7.3,5,1.984,1,0.9,0.1,0.1
22,2,10.5,5,1.993,2,0.1,0.9,0.1
17,3,11.4,10,2.004,2,0.1,0.9,0.1
22,2,10.2,5,1.984,2,0.1,0.9,0.1
1,4,14.3,4,1.987,3,0.1,0.1,0.9
24,2,10.2,5,1.999,2,0.1,0.9,0.1
1,2,11.1,5,1.984,2,0.1,0.9,0.1
1,2,9.1,9,1.978,2,0.1,0.9,0.1
13,2,9,5,2.002,1,0.9,0.1,0.1
25,2,10.3,5,1.987,1,0.9,0.1,0.1
0,2,9.1,9,1.98,2,0.1,0.9,0.1
13,3,11,10,2.008,2,0.1,0.9,0.1
16,3,12.8,3,1.996,2,0.1,0.9,0.1
23,1,7.6,3,1.982,1,0.9,0.1,0.1
13,3,13.4,5,1.985,2,0.1,0.9,0.1
8,3,11.7,3,1.999,2,0.1,0.9,0.1
7,2,9.5,14,2.011,3,0.1,0.1,0.9
0,1,6.7,9,1.979,1,0.9,0.1,0.1
3,4,15.2,4,1.986,3,0.1,0.1,0.9
24,3,11,3,2.001,1,0.9,0.1,0.1
1,1,5.9,3,1.978,1,0.9,0.1,0.1
20,2,9.5,10,2.004,2,0.1,0.9,0.1
23,1,7.4,5,1.984,2,0.1,0.9,0.1
24,3,12.6,10,2,2,0.1,0.9,0.1
11,2,9.8,5,1.997,2,0.1,0.9,0.1
22,2,8.9,11,1.986,2,0.1,0.9,0.1
1,2,9.7,9,1.982,2,0.1,0.9,0.1
22,2,10.4,5,1.989,2,0.1,0.9,0.1
22,4,14.6,4,1.988,3,0.1,0.1,0.9
1,2,9.2,5,2.006,3,0.1,0.1,0.9
22,1,6.7,9,1.985,1,0.9,0.1,0.1
19,3,11.8,10,2.001,2,0.1,0.9,0.1
11,2,10.6,5,1.992,2,0.1,0.9,0.1
11,2,8.4,11,1.987,1,0.9,0.1,0.1
17,2,9.3,10,2.005,2,0.1,0.9,0.1
21,1,6,3,1.985,1,0.9,0.1,0.1
20,4,13.1,1,2,3,0.1,0.1,0.9
21,1,7.1,9,1.985,1,0.9,0.1,0.1
23,2,8.2,3,1.976,1,0.9,0.1,0.1
23,1,6.5,3,1.972,1,0.9,0.1,0.1
6,1,6.4,11,1.989,2,0.1,0.9,0.1
20,4,13.4,10,2.001,3,0.1,0.1,0.9
1,2,9.1,9,1.978,2,0.1,0.9,0.1
8,2,10.4,5,1.995,1,0.9,0.1,0.1
9,3,11,3,2.002,3,0.1,0.1,0.9
20,3,11.6,3,1.999,2,0.1,0.9,0.1
21,2,8.3,11,1.987,1,0.9,0.1,0.1
24,3,12.1,3,2,2,0.1,0.9,0.1
3,2,8.9,11,1.988,1,0.9,0.1,0.1
8,2,9,5,2.002,1,0.9,0.1,0.1
24,2,10,5,1.996,1,0.9,0.1,0.1
21,1,6.4,3,1.978,1,0.9,0.1,0.1
10,2,10.2,5,1.998,3,0.1,0.1,0.9
4,3,11,3,2.003,3,0.1,0.1,0.9
25,2,9.8,9,1.985,2,0.1,0.9,0.1
13,3,11,10,2.008,2,0.1,0.9,0.1
11,2,9.5,9,1.984,2,0.1,0.9,0.1
12,1,7.4,5,1.986,1,0.9,0.1,0.1
25,2,8.4,11,1.987,1,0.9,0.1,0.1
25,2,10.4,5,1.988,1,0.9,0.1,0.1
13,2,10.8,5,1.988,1,0.9,0.1,0.1
8,3,11,3,2.002,1,0.9,0.1,0.1
16,4,14.7,1,1.995,3,0.1,0.1,0.9
20,4,12.7,1,2.002,2,0.1,0.9,0.1
10,1,6.6,3,1.982,1,0.9,0.1,0.1
20,3,11,3,2,2,0.1,0.9,0.1
20,3,11,3,2.001,2,0.1,0.9,0.1
14,2,10,5,1.998,3,0.1,0.1,0.9
17,3,11.2,10,2.005,2,0.1,0.9,0.1
24,3,12.1,3,1.998,2,0.1,0.9,0.1
22,3,12.1,3,1.984,3,0.1,0.1,0.9
21,3,14,0,1.985,2,0.1,0.9,0.1
22,4,14.8,1,1.995,3,0.1,0.1,0.9
9,3,11.3,3,2.013,3,0.1,0.1,0.9
25,1,6.7,9,1.985,1,0.9,0.1,0.1
24,2,9.1,7,1.997,1,0.9,0.1,0.1
4,2,10.3,5,1.985,3,0.1,0.1,0.9
11,2,10.3,5,1.992,2,0.1,0.9,0.1
13,2,9,5,2.002,1,0.9,0.1,0.1
4,3,11.7,3,1.977,3,0.1,0.1,0.9
5,1,7.3,5,1.988,1,0.9,0.1,0.1
22,3,12.2,3,1.988,2,0.1,0.9,0.1
22,1,7.4,5,1.984,1,0.9,0.1,0.1
22,2,9.4,2,2.011,3,0.1,0.1,0.9
22,1,6.9,3,1.985,1,0.9,0.1,0.1
21,3,12.2,3,1.992,2,0.1,0.9,0.1
1,1,8,5,1.984,1,0.9,0.1,0.1
3,3,11.8,3,2.005,2,0.1,0.9,0.1
22,4,15,1,1.993,3,0.1,0.1,0.9
25,1,7.4,5,1.987,1,0.9,0.1,0.1
13,3,11,3,2.002,2,0.1,0.9,0.1
19,2,9,5,2.004,1,0.9,0.1,0.1
13,3,11,3,2.002,2,0.1,0.9,0.1
1,1,6.8,9,1.979,1,0.9,0.1,0.1
22,2,10.7,5,1.996,1,0.9,0.1,0.1
12,2,8.3,11,1.987,1,0.9,0.1,0.1
22,1,7.9,5,1.982,1,0.9,0.1,0.1
21,1,6.7,9,1.984,1,0.9,0.1,0.1
3,2,10.4,5,1.983,2,0.1,0.9,0.1
20,3,12.2,3,1.999,3,0.1,0.1,0.9
21,2,9.2,9,1.985,1,0.9,0.1,0.1
20,3,11,3,2.001,2,0.1,0.9,0.1
22,1,7.4,5,1.985,1,0.9,0.1,0.1
13,1,6.4,11,1.986,1,0.9,0.1,0.1
17,3,11.4,10,2.004,3,0.1,0.1,0.9
4,2,9,5,2.003,3,0.1,0.1,0.9
14,2,9,5,2.006,3,0.1,0.1,0.9
25,2,9.3,9,1.985,1,0.9,0.1,0.1
13,2,9.4,10,2.003,1,0.9,0.1,0.1
21,3,12.1,3,1.986,2,0.1,0.9,0.1
12,2,10.5,5,1.984,2,0.1,0.9,0.1
4,1,6.4,3,1.983,1,0.9,0.1,0.1
5,2,10.3,5,1.998,1,0.9,0.1,0.1
19,2,9.3,5,2.002,2,0.1,0.9,0.1
1,1,8.2,9,1.979,1,0.9,0.1,0.1
20,3,11,3,2.001,2,0.1,0.9,0.1
18,3,11.7,12,1.978,3,0.1,0.1,0.9
3,1,6.8,9,1.985,1,0.9,0.1,0.1
0,1,6.7,9,1.978,1,0.9,0.1,0.1
13,3,11,3,2.001,2,0.1,0.9,0.1
24,1,6.5,3,1.974,1,0.9,0.1,0.1
18,1,6.5,3,1.978,1,0.9,0.1,0.1
18,3,11.7,12,1.978,3,0.1,0.1,0.9
1,1,6.8,9,1.98,1,0.9,0.1,0.1
13,1,6.6,3,1.974,1,0.9,0.1,0.1
5,4,14.2,1,1.988,3,0.1,0.1,0.9
16,4,14.4,1,1.992,3,0.1,0.1,0.9
21,4,14.9,4,1.992,3,0.1,0.1,0.9
5,2,9,10,2.003,1,0.9,0.1,0.1
11,4,15.3,4,1.986,3,0.1,0.1,0.9
3,2,10.5,5,1.989,2,0.1,0.9,0.1
22,2,10.4,5,1.993,2,0.1,0.9,0.1
8,3,12.8,3,1.995,2,0.1,0.9,0.1
10,2,9.1,9,1.98,1,0.9,0.1,0.1
23,1,6.5,3,1.973,1,0.9,0.1,0.1
21,1,6,3,1.985,1,0.9,0.1,0.1
22,2,10.4,5,1.988,2,0.1,0.9,0.1
5,2,10.3,5,1.989,1,0.9,0.1,0.1
25,4,14.5,4,1.987,3,0.1,0.1,0.9
16,2,10.6,5,1.992,1,0.9,0.1,0.1
13,1,6.1,3,1.974,1,0.9,0.1,0.1
0,1,6.7,9,1.984,1,0.9,0.1,0.1
5,2,9,10,2.002,1,0.9,0.1,0.1
22,3,12.4,3,1.993,2,0.1,0.9,0.1
25,3,12.2,3,1.988,2,0.1,0.9,0.1
5,4,14.4,1,1.998,3,0.1,0.1,0.9
17,2,9,10,2.007,2,0.1,0.9,0.1
25,4,14.6,4,1.988,3,0.1,0.1,0.9
1,4,14.5,1,1.993,3,0.1,0.1,0.9
5,3,12,3,1.997,2,0.1,0.9,0.1
24,2,9.1,9,1.98,1,0.9,0.1,0.1
22,2,10.4,5,1.988,2,0.1,0.9,0.1
24,2,10.3,5,1.998,1,0.9,0.1,0.1
13,3,12.6,3,1.993,2,0.1,0.9,0.1
12,1,7.4,5,1.983,1,0.9,0.1,0.1
1,1,5.9,3,1.978,1,0.9,0.1,0.1
20,2,10.1,5,1.999,2,0.1,0.9,0.1
14,1,5.6,12,1.97,1,0.9,0.1,0.1
13,2,9.4,5,2.01,2,0.1,0.9,0.1
14,2,10.7,5,1.996,3,0.1,0.1,0.9
23,1,6.5,3,1.976,1,0.9,0.1,0.1
3,2,9.9,9,1.988,1,0.9,0.1,0.1
24,2,10.2,5,1.998,1,0.9,0.1,0.1
0,2,9.1,9,1.98,2,0.1,0.9,0.1
7,1,6,3,1.98,2,0.1,0.9,0.1
13,3,11.5,3,2,3,0.1,0.1,0.9
13,1,6.5,3,1.976,1,0.9,0.1,0.1
8,3,11,3,2.003,1,0.9,0.1,0.1
12,1,8.2,9,1.983,1,0.9,0.1,0.1
25,1,6.8,3,1.985,1,0.9,0.1,0.1
1,1,6.5,3,1.974,1,0.9,0.1,0.1
22,3,12.1,3,1.985,2,0.1,0.9,0.1
3,2,10.3,5,1.997,2,0.1,0.9,0.1
13,3,11,3,2.002,2,0.1,0.9,0.1
13,3,12,3,1.998,2,0.1,0.9,0.1
8,3,12.7,3,1.996,2,0.1,0.9,0.1
11,3,12,3,1.998,2,0.1,0.9,0.1
9,1,6.7,9,1.98,1,0.9,0.1,0.1
13,3,13.9,6,1.985,2,0.1,0.9,0.1
22,2,10.8,5,1.986,2,0.1,0.9,0.1
23,2,10.2,5,1.997,3,0.1,0.1,0.9
22,1,7.4,5,1.986,1,0.9,0.1,0.1
9,2,9.7,9,1.978,2,0.1,0.9,0.1
23,1,6.5,3,1.972,1,0.9,0.1,0.1
20,2,9.3,5,2.013,1,0.9,0.1,0.1
1,1,6.5,3,1.977,1,0.9,0.1,0.1
20,2,10.1,5,1.999,2,0.1,0.9,0.1
24,3,11.4,10,2.003,2,0.1,0.9,0.1
24,2,10.4,10,2,2,0.1,0.9,0.1
3,4,14.4,1,1.997,3,0.1,0.1,0.9
25,1,6.7,9,1.985,1,0.9,0.1,0.1
9,1,6.7,9,1.979,1,0.9,0.1,0.1
14,2,10.4,5,1.985,2,0.1,0.9,0.1
13,2,9.1,5,2,2,0.1,0.9,0.1
4,1,5.3,12,1.969,1,0.9,0.1,0.1
13,2,10.9,5,1.995,2,0.1,0.9,0.1
3,3,11.7,3,1.997,3,0.1,0.1,0.9
17,2,9.2,5,2.012,1,0.9,0.1,0.1
24,1,8.7,9,1.977,1,0.9,0.1,0.1
20,4,14,1,1.999,3,0.1,0.1,0.9
4,2,10.7,5,1.997,3,0.1,0.1,0.9
25,2,10.4,5,1.987,1,0.9,0.1,0.1
24,2,10.4,10,2,2,0.1,0.9,0.1
24,4,14.4,4,1.998,3,0.1,0.1,0.9
20,2,9,5,2.001,2,0.1,0.9,0.1
0,1,8.8,9,1.977,1,0.9,0.1,0.1
1,2,9.1,9,1.981,1,0.9,0.1,0.1
20,2,10.1,5,1.999,2,0.1,0.9,0.1
13,1,6.7,9,1.985,1,0.9,0.1,0.1
13,1,7.3,5,1.989,1,0.9,0.1,0.1
1,0,4.5,3,1.986,1,0.9,0.1,0.1
14,1,6.8,3,1.972,1,0.9,0.1,0.1
22,2,10.4,5,1.997,2,0.1,0.9,0.1
3,2,10.3,5,1.987,1,0.9,0.1,0.1
12,2,9,7,1.998,2,0.1,0.9,0.1
20,2,9,10,2.009,3,0.1,0.1,0.9
13,2,9.4,10,2,2,0.1,0.9,0.1
24,3,12.1,3,1.999,2,0.1,0.9,0.1
12,1,7,9,1.983,1,0.9,0.1,0.1
12,2,9.5,9,1.983,2,0.1,0.9,0.1
13,2,9.1,5,2.001,2,0.1,0.9,0.1
22,2,10.8,5,1.995,2,0.1,0.9,0.1
5,3,11,3,2.002,2,0.1,0.9,0.1
19,2,9.4,5,2.01,1,0.9,0.1,0.1
0,1,6.8,9,1.981,1,0.9,0.1,0.1
24,3,12.3,10,1.999,2,0.1,0.9,0.1
11,1,6.7,9,1.981,1,0.9,0.1,0.1
5,1,6.8,10,2.012,1,0.9,0.1,0.1
0,2,9.5,5,2.001,3,0.1,0.1,0.9
5,2,9.1,10,2.001,1,0.9,0.1,0.1
25,2,10.3,5,1.987,2,0.1,0.9,0.1
1,1,6.8,9,1.98,1,0.9,0.1,0.1
13,3,11.1,3,2.001,1,0.9,0.1,0.1
13,2,10.4,5,1.989,2,0.1,0.9,0.1
20,2,9,5,2.003,1,0.9,0.1,0.1
1,2,8.5,5,2.005,3,0.1,0.1,0.9
23,3,13.4,5,1.993,3,0.1,0.1,0.9
9,2,9,9,1.978,2,0.1,0.9,0.1
11,2,10.1,5,1.998,1,0.9,0.1,0.1
20,3,11,3,2,2,0.1,0.9,0.1
25,1,6.7,9,1.985,1,0.9,0.1,0.1
4,2,8.9,11,1.986,2,0.1,0.9,0.1
2,3,13.3,5,1.992,3,0.1,0.1,0.9
25,2,8.4,11,1.985,1,0.9,0.1,0.1
25,2,8.3,11,1.987,1,0.9,0.1,0.1
17,2,9,5,2.002,2,0.1,0.9,0.1
4,2,8.9,5,2.013,3,0.1,0.1,0.9
23,2,10.2,5,1.997,3,0.1,0.1,0.9
13,3,13.5,5,1.985,2,0.1,0.9,0.1
24,3,12.2,3,1.988,2,0.1,0.9,0.1
13,3,12,3,1.998,2,0.1,0.9,0.1
25,3,12.2,3,1.987,2,0.1,0.9,0.1
11,2,10.6,5,1.992,2,0.1,0.9,0.1
0,1,6.7,9,1.985,1,0.9,0.1,0.1
25,2,10.4,5,1.987,2,0.1,0.9,0.1
1,1,6,3,1.986,1,0.9,0.1,0.1
13,2,10.7,5,1.993,1,0.9,0.1,0.1
3,2,10.4,5,1.985,2,0.1,0.9,0.1
25,2,10.8,5,1.987,2,0.1,0.9,0.1
5,2,9,7,2.002,1,0.9,0.1,0.1
1,2,10.5,5,1.985,2,0.1,0.9,0.1
1,3,12.3,3,1.993,3,0.1,0.1,0.9
3,2,10.3,5,1.998,2,0.1,0.9,0.1
25,2,10.4,5,1.988,2,0.1,0.9,0.1
10,1,7.7,5,1.983,1,0.9,0.1,0.1
24,3,11.9,3,1.997,2,0.1,0.9,0.1
10,1,6.4,11,1.985,1,0.9,0.1,0.1
16,2,10.4,5,1.993,2,0.1,0.9,0.1
0,1,6.8,9,1.981,1,0.9,0.1,0.1
22,2,10.3,5,1.989,2,0.1,0.9,0.1
18,2,9.2,5,2.003,3,0.1,0.1,0.9
9,2,8.6,5,2.002,2,0.1,0.9,0.1
17,2,9.2,10,2.012,2,0.1,0.9,0.1
23,1,6.6,3,1.981,1,0.9,0.1,0.1
15,3,12,12,1.977,3,0.1,0.1,0.9
1,2,9.1,9,1.978,2,0.1,0.9,0.1
5,2,10.3,5,1.998,2,0.1,0.9,0.1
24,1,7.3,5,1.99,1,0.9,0.1,0.1
4,2,10,5,2.001,3,0.1,0.1,0.9
13,2,10.6,10,1.998,2,0.1,0.9,0.1
8,3,12.3,10,2,1,0.9,0.1,0.1
13,2,9.3,10,2.006,2,0.1,0.9,0.1
11,2,10.8,5,1.984,2,0.1,0.9,0.1
16,3,12.6,3,1.996,2,0.1,0.9,0.1
22,3,13.2,5,1.995,3,0.1,0.1,0.9
23,2,9.3,9,1.984,1,0.9,0.1,0.1
19,3,11,3,2.004,2,0.1,0.9,0.1
13,2,10.3,5,1.985,2,0.1,0.9,0.1
20,3,11,3,2.001,2,0.1,0.9,0.1
16,2,10.3,5,1.989,2,0.1,0.9,0.1
9,1,6.7,9,1.979,1,0.9,0.1,0.1
24,0,4.5,3,1.984,1,0.9,0.1,0.1
10,1,6.4,11,1.985,1,0.9,0.1,0.1
13,2,10.3,5,1.985,1,0.9,0.1,0.1
13,2,10.4,5,1.988,1,0.9,0.1,0.1
5,4,14.3,4,1.999,3,0.1,0.1,0.9
18,1,7.3,3,1.975,2,0.1,0.9,0.1
22,2,9.3,9,1.986,2,0.1,0.9,0.1
13,3,11,10,2.008,2,0.1,0.9,0.1
25,1,6.4,11,1.988,1,0.9,0.1,0.1
20,2,10.2,5,1.999,1,0.9,0.1,0.1
25,2,10.4,5,1.988,1,0.9,0.1,0.1
12,4,14.3,1,1.998,3,0.1,0.1,0.9
25,2,8.4,11,1.986,1,0.9,0.1,0.1
13,3,12.1,3,1.989,2,0.1,0.9,0.1
1,3,12.2,3,1.993,2,0.1,0.9,0.1
13,2,9,5,2.001,1,0.9,0.1,0.1
19,2,9,5,2.004,1,0.9,0.1,0.1
14,3,13.2,3,1.986,3,0.1,0.1,0.9
17,4,13,10,2.003,2,0.1,0.9,0.1
13,3,11,10,2,2,0.1,0.9,0.1
24,2,10.2,5,1.997,1,0.9,0.1,0.1
20,2,9.3,10,2.01,2,0.1,0.9,0.1
11,2,8.4,11,1.988,1,0.9,0.1,0.1
20,3,11.5,10,2.004,2,0.1,0.9,0.1
8,2,10.2,5,1.996,1,0.9,0.1,0.1
20,4,12.5,10,2.003,3,0.1,0.1,0.9
21,2,8.4,11,1.985,2,0.1,0.9,0.1
20,2,9,5,2.001,1,0.9,0.1,0.1
8,3,12.3,10,2,2,0.1,0.9,0.1
16,3,12.6,3,1.996,2,0.1,0.9,0.1
25,2,9.3,9,1.984,2,0.1,0.9,0.1
21,2,10.5,5,1.985,2,0.1,0.9,0.1
15,1,6.5,3,1.975,1,0.9,0.1,0.1
1,2,9.6,9,1.985,1,0.9,0.1,0.1
2,2,8.4,11,1.986,2,0.1,0.9,0.1
5,3,11,10,2.001,2,0.1,0.9,0.1
13,3,12.3,3,1.997,2,0.1,0.9,0.1
16,3,12.6,3,1.993,2,0.1,0.9,0.1
22,2,8.4,11,1.988,2,0.1,0.9,0.1
12,1,6.7,9,1.983,1,0.9,0.1,0.1
2,2,8.4,11,1.986,2,0.1,0.9,0.1
0,2,9.2,9,1.979,2,0.1,0.9,0.1
14,3,11,3,2.003,3,0.1,0.1,0.9
9,1,6.7,9,1.98,1,0.9,0.1,0.1
16,3,12.5,3,1.996,2,0.1,0.9,0.1
5,3,11,3,2.002,2,0.1,0.9,0.1
20,2,9,5,2,2,0.1,0.9,0.1
8,3,12.4,3,1.995,2,0.1,0.9,0.1
8,2,10.4,5,1.993,1,0.9,0.1,0.1
5,3,12,3,1.999,3,0.1,0.1,0.9
21,2,8.4,11,1.985,2,0.1,0.9,0.1
13,2,10.3,5,1.985,1,0.9,0.1,0.1
11,1,7.4,5,1.983,1,0.9,0.1,0.1
2,3,12.1,3,1.987,3,0.1,0.1,0.9
11,4,14.6,4,1.991,3,0.1,0.1,0.9
1,3,12.6,3,1.982,2,0.1,0.9,0.1
24,2,10.2,5,1.998,1,0.9,0.1,0.1
1,4,14.6,1,1.993,3,0.1,0.1,0.9
19,2,9.6,5,2.01,1,0.9,0.1,0.1
8,2,8.5,7,2.002,1,0.9,0.1,0.1
18,1,7.2,3,1.97,1,0.9,0.1,0.1
10,3,11.3,3,2,3,0.1,0.1,0.9
23,1,6.8,3,1.969,1,0.9,0.1,0.1
23,1,6.5,3,1.982,1,0.9,0.1,0.1
24,3,11.5,3,2,2,0.1,0.9,0.1
24,2,10.3,5,1.985,1,0.9,0.1,0.1
0,1,7.3,9,1.978,1,0.9,0.1,0.1
0,1,8.2,9,1.98,1,0.9,0.1,0.1
21,1,6.4,11,1.985,1,0.9,0.1,0.1
20,3,11.5,10,2.004,2,0.1,0.9,0.1
0,1,6.8,9,1.981,1,0.9,0.1,0.1
24,3,12.8,3,1.996,2,0.1,0.9,0.1
10,1,5.8,3,1.972,1,0.9,0.1,0.1
20,2,8.5,7,2.003,1,0.9,0.1,0.1
18,2,9.5,5,2.002,3,0.1,0.1,0.9
9,1,6.8,9,1.98,1,0.9,0.1,0.1
18,2,8.8,3,1.976,2,0.1,0.9,0.1
5,3,11.1,3,2.002,2,0.1,0.9,0.1
0,1,6.7,9,1.978,1,0.9,0.1,0.1
17,2,8.5,5,2.003,2,0.1,0.9,0.1
0,3,11,3,2.002,3,0.1,0.1,0.9
8,3,13.3,5,1.993,2,0.1,0.9,0.1
18,2,8.4,3,1.974,2,0.1,0.9,0.1
25,3,12.1,3,1.987,2,0.1,0.9,0.1
24,2,10.1,5,1.998,1,0.9,0.1,0.1
5,3,11,10,2.002,2,0.1,0.9,0.1
18,1,6.5,3,1.975,1,0.9,0.1,0.1
13,3,12.2,3,1.988,1,0.9,0.1,0.1
25,2,10.4,5,1.988,1,0.9,0.1,0.1
3,1,6.8,9,1.986,1,0.9,0.1,0.1
13,3,11,3,2,2,0.1,0.9,0.1
9,1,8.2,9,1.978,2,0.1,0.9,0.1
22,2,10.4,5,1.984,2,0.1,0.9,0.1
19,2,8.6,7,2.003,1,0.9,0.1,0.1
22,1,7.4,5,1.985,1,0.9,0.1,0.1
18,1,6.5,3,1.974,2,0.1,0.9,0.1
15,3,12.6,12,1.975,3,0.1,0.1,0.9
18,0,4.6,12,1.971,1,0.9,0.1,0.1
12,3,13.5,5,1.984,2,0.1,0.9,0.1
5,3,11,10,2.004,2,0.1,0.9,0.1
14,3,12.2,3,1.987,2,0.1,0.9,0.1
24,3,12,3,1.998,2,0.1,0.9,0.1
23,1,6.7,3,1.97,1,0.9,0.1,0.1
11,2,10.3,9,1.983,1,0.9,0.1,0.1
2,3,12.1,3,1.987,3,0.1,0.1,0.9
4,3,11,3,2.003,3,0.1,0.1,0.9
0,1,8.8,9,1.978,2,0.1,0.9,0.1
1,2,9.2,9,1.979,2,0.1,0.9,0.1
16,4,14.4,1,1.992,3,0.1,0.1,0.9
0,3,13.6,5,1.996,3,0.1,0.1,0.9
0,1,6.7,9,1.979,1,0.9,0.1,0.1
20,2,9.5,10,2.004,2,0.1,0.9,0.1
10,1,6.1,12,1.969,1,0.9,0.1,0.1
19,3,11,3,2.001,1,0.9,0.1,0.1
13,4,13.5,10,2,3,0.1,0.1,0.9
5,1,7.3,5,1.989,1,0.9,0.1,0.1
11,1,6.9,3,1.985,1,0.9,0.1,0.1
21,4,15.4,4,1.989,3,0.1,0.1,0.9
17,3,11,3,2.003,2,0.1,0.9,0.1
24,2,9.1,7,1.997,1,0.9,0.1,0.1
1,1,5.9,3,1.978,1,0.9,0.1,0.1
9,2,9.1,9,1.978,2,0.1,0.9,0.1
5,2,10.4,5,1.988,1,0.9,0.1,0.1
18,1,7.3,3,1.974,2,0.1,0.9,0.1
0,3,12.1,3,1.981,3,0.1,0.1,0.9
5,1,6.4,11,1.988,1,0.9,0.1,0.1
18,1,6.5,3,1.974,2,0.1,0.9,0.1
22,2,10.6,5,1.984,2,0.1,0.9,0.1
14,1,6.5,3,1.974,1,0.9,0.1,0.1
24,2,9.9,5,1.997,1,0.9,0.1,0.1
1,1,6.8,9,1.979,1,0.9,0.1,0.1
3,3,12.1,3,1.985,2,0.1,0.9,0.1
12,3,12,3,1.981,3,0.1,0.1,0.9
14,3,12,3,1.997,3,0.1,0.1,0.9
23,1,6.5,3,1.967,1,0.9,0.1,0.1
24,1,7.3,5,1.994,1,0.9,0.1,0.1
21,1,6,3,1.984,1,0.9,0.1,0.1
25,1,7.7,5,1.983,1,0.9,0.1,0.1
5,2,10.3,5,1.988,1,0.9,0.1,0.1
12,1,6.7,9,1.984,1,0.9,0.1,0.1
11,2,9.6,9,1.985,1,0.9,0.1,0.1
8,3,12.2,10,1.999,2,0.1,0.9,0.1
24,2,10.1,7,1.997,1,0.9,0.1,0.1
1,4,14.5,4,1.996,3,0.1,0.1,0.9
24,2,10.2,5,1.999,1,0.9,0.1,0.1
13,4,14.6,1,1.993,2,0.1,0.9,0.1
0,3,11.9,3,1.993,3,0.1,0.1,0.9
20,3,11,3,2.001,2,0.1,0.9,0.1
16,4,14.9,1,1.993,3,0.1,0.1,0.9
24,2,10.1,5,1.998,1,0.9,0.1,0.1
0,1,6.7,9,1.98,1,0.9,0.1,0.1
22,2,10.5,5,1.985,2,0.1,0.9,0.1
4,1,6.5,3,1.975,1,0.9,0.1,0.1
8,3,12.5,10,1.999,1,0.9,0.1,0.1
22,3,12.8,3,1.988,3,0.1,0.1,0.9
0,2,8.8,5,2.012,3,0.1,0.1,0.9
1,2,8.5,5,2.005,2,0.1,0.9,0.1
2,2,10.7,5,1.992,2,0.1,0.9,0.1
24,3,11.8,3,1.997,2,0.1,0.9,0.1
8,3,12.3,3,1.994,1,0.9,0.1,0.1
8,3,12.5,3,1.993,2,0.1,0.9,0.1
13,4,14.5,1,1.993,2,0.1,0.9,0.1
13,1,6.7,3,1.971,1,0.9,0.1,0.1
5,3,11.1,10,2.003,2,0.1,0.9,0.1
4,2,8.7,5,2.002,3,0.1,0.1,0.9
13,1,6.7,9,1.985,1,0.9,0.1,0.1
20,2,9.3,10,2.01,2,0.1,0.9,0.1
5,2,10.2,5,1.998,2,0.1,0.9,0.1
22,2,10.8,5,1.987,2,0.1,0.9,0.1
24,4,16.3,1,1.993,3,0.1,0.1,0.9
16,4,14.6,1,1.993,3,0.1,0.1,0.9
22,3,12.3,3,1.994,2,0.1,0.9,0.1
3,2,8.3,11,1.986,1,0.9,0.1,0.1
11,2,10.3,5,1.986,2,0.1,0.9,0.1
13,3,11,3,2.001,2,0.1,0.9,0.1
13,3,13.5,5,1.985,2,0.1,0.9,0.1
3,2,9.4,9,1.988,1,0.9,0.1,0.1
5,1,7.3,5,1.987,1,0.9,0.1,0.1
16,3,13.6,5,1.992,2,0.1,0.9,0.1
22,3,12.3,3,1.996,2,0.1,0.9,0.1
20,2,9.3,5,2.013,2,0.1,0.9,0.1
1,1,6.8,9,1.98,1,0.9,0.1,0.1
22,1,7.8,5,1.984,1,0.9,0.1,0.1
24,4,14.4,1,1.996,3,0.1,0.1,0.9
13,2,10.6,10,1.998,2,0.1,0.9,0.1
23,1,6.7,3,1.97,1,0.9,0.1,0.1
16,2,10.4,5,1.995,1,0.9,0.1,0.1
24,4,17.9,1,1.995,3,0.1,0.1,0.9
24,2,10.2,5,1.995,1,0.9,0.1,0.1
25,1,6.7,9,1.986,1,0.9,0.1,0.1
20,2,9.4,5,2.012,2,0.1,0.9,0.1
24,3,12.8,10,1.999,2,0.1,0.9,0.1
8,2,10.8,5,1.996,1,0.9,0.1,0.1
20,3,11,3,2,2,0.1,0.9,0.1
11,4,15.2,1,1.986,3,0.1,0.1,0.9
14,1,6.5,3,1.974,1,0.9,0.1,0.1
9,2,8.3,9,1.978,2,0.1,0.9,0.1
0,1,6.8,9,1.985,1,0.9,0.1,0.1
24,2,9,11,1.985,1,0.9,0.1,0.1
8,4,14.2,1,1.993,3,0.1,0.1,0.9
13,1,7.6,5,1.984,1,0.9,0.1,0.1
19,4,13,1,2.001,2,0.1,0.9,0.1
13,3,11,3,2.002,2,0.1,0.9,0.1
8,3,11,3,2.003,1,0.9,0.1,0.1
20,3,11.5,3,2,2,0.1,0.9,0.1
17,2,9.2,5,2.012,2,0.1,0.9,0.1
3,2,9.2,7,1.998,2,0.1,0.9,0.1
24,3,12.1,3,1.986,2,0.1,0.9,0.1
20,4,13.5,1,1.999,3,0.1,0.1,0.9
9,1,6.7,9,1.979,2,0.1,0.9,0.1
0,1,8.2,9,1.98,1,0.9,0.1,0.1
4,1,6.5,3,1.975,1,0.9,0.1,0.1
22,2,10.3,5,1.984,1,0.9,0.1,0.1
24,2,9.2,9,1.985,1,0.9,0.1,0.1
16,3,12.1,3,1.995,2,0.1,0.9,0.1
11,0,4.7,5,2.012,1,0.9,0.1,0.1
11,3,11,3,2.003,2,0.1,0.9,0.1
22,1,6.9,3,1.985,1,0.9,0.1,0.1
18,1,6.9,12,1.969,1,0.9,0.1,0.1
12,1,7.4,5,1.983,1,0.9,0.1,0.1
22,2,9.9,5,1.997,2,0.1,0.9,0.1
10,1,6.9,3,1.986,1,0.9,0.1,0.1
8,2,10,5,1.997,1,0.9,0.1,0.1
22,1,7.8,5,1.985,1,0.9,0.1,0.1
9,3,12.3,3,1.979,3,0.1,0.1,0.9
3,1,8.2,9,1.984,1,0.9,0.1,0.1
18,1,6.5,3,1.976,1,0.9,0.1,0.1
13,2,10.9,5,1.993,1,0.9,0.1,0.1
24,1,6.5,3,1.974,1,0.9,0.1,0.1
10,0,4.6,12,1.973,1,0.9,0.1,0.1
20,2,9.5,10,2.004,1,0.9,0.1,0.1
24,3,12.2,3,1.997,2,0.1,0.9,0.1
20,2,9.1,5,2.001,2,0.1,0.9,0.1
11,2,8.2,3,1.975,1,0.9,0.1,0.1
13,2,9.1,10,2.008,2,0.1,0.9,0.1
22,3,12.1,3,1.988,2,0.1,0.9,0.1
9,1,6.7,9,1.979,2,0.1,0.9,0.1
10,3,11,3,2.006,3,0.1,0.1,0.9
18,1,6,12,1.967,1,0.9,0.1,0.1
20,3,11,3,2.003,2,0.1,0.9,0.1
24,2,9,10,2.004,1,0.9,0.1,0.1
24,3,11.9,3,1.996,2,0.1,0.9,0.1
13,3,11,10,2.008,2,0.1,0.9,0.1
13,4,13,1,2.001,3,0.1,0.1,0.9
9,2,9.2,9,1.986,2,0.1,0.9,0.1
5,3,13.2,3,1.988,2,0.1,0.9,0.1
1,2,8.5,5,2.006,2,0.1,0.9,0.1
20,3,12.2,3,1.999,2,0.1,0.9,0.1
2,3,12.1,3,1.988,3,0.1,0.1,0.9
0,1,8.1,9,1.984,1,0.9,0.1,0.1
22,1,7.3,5,1.984,1,0.9,0.1,0.1
24,2,10.2,5,1.999,1,0.9,0.1,0.1
25,2,8.4,11,1.985,1,0.9,0.1,0.1
9,1,6.7,9,1.979,1,0.9,0.1,0.1
4,1,7,3,1.975,1,0.9,0.1,0.1
4,1,7.3,9,1.976,2,0.1,0.9,0.1
21,1,6.7,9,1.985,1,0.9,0.1,0.1
12,1,6.7,9,1.983,1,0.9,0.1,0.1
13,2,9.3,10,2,1,0.9,0.1,0.1
8,2,9.2,9,1.979,1,0.9,0.1,0.1
24,2,10,5,1.997,1,0.9,0.1,0.1
2,3,12.1,3,1.988,3,0.1,0.1,0.9
13,1,8.2,9,1.982,1,0.9,0.1,0.1
3,2,9.4,9,1.987,1,0.9,0.1,0.1
1,2,9.2,9,1.979,2,0.1,0.9,0.1
24,2,10.2,5,1.998,1,0.9,0.1,0.1
14,2,10.4,5,1.987,2,0.1,0.9,0.1
12,2,9.1,5,2.003,1,0.9,0.1,0.1
23,1,6.7,3,1.97,1,0.9,0.1,0.1
11,2,9.1,9,1.985,1,0.9,0.1,0.1
10,1,5.5,12,1.967,1,0.9,0.1,0.1
25,2,8.4,11,1.988,1,0.9,0.1,0.1
19,2,9.2,5,2.001,2,0.1,0.9,0.1
20,2,9.7,5,2.013,2,0.1,0.9,0.1
16,3,12.5,3,1.995,2,0.1,0.9,0.1
5,4,14.2,4,1.999,3,0.1,0.1,0.9
14,2,9.1,9,1.976,2,0.1,0.9,0.1
17,2,9.3,10,2.012,2,0.1,0.9,0.1
9,2,9.2,9,1.979,2,0.1,0.9,0.1
24,2,9.9,5,1.996,2,0.1,0.9,0.1
14,3,12.2,12,1.981,3,0.1,0.1,0.9
5,2,10,5,1.998,2,0.1,0.9,0.1
2,2,10.5,5,1.992,2,0.1,0.9,0.1
24,4,14.1,10,2,3,0.1,0.1,0.9
1,1,6,3,1.986,1,0.9,0.1,0.1
23,4,14.2,1,1.993,3,0.1,0.1,0.9
16,4,14.4,1,1.992,3,0.1,0.1,0.9
1,2,8.2,3,1.976,2,0.1,0.9,0.1
8,4,14.5,4,1.995,2,0.1,0.9,0.1
1,1,6.7,9,1.979,1,0.9,0.1,0.1
0,1,8.2,9,1.985,1,0.9,0.1,0.1
24,2,9.1,7,1.997,1,0.9,0.1,0.1
20,2,8.4,7,2.001,2,0.1,0.9,0.1
9,2,9.2,9,1.979,2,0.1,0.9,0.1
11,2,9.3,9,1.983,1,0.9,0.1,0.1
24,1,6.8,9,1.981,1,0.9,0.1,0.1
20,2,9.5,10,2.002,1,0.9,0.1,0.1
1,3,12.1,3,1.982,2,0.1,0.9,0.1
15,2,8.7,3,1.976,2,0.1,0.9,0.1
22,3,12.2,3,1.993,2,0.1,0.9,0.1
8,2,10.6,5,1.989,1,0.9,0.1,0.1
17,3,11,10,2.004,2,0.1,0.9,0.1
3,4,15,4,1.985,3,0.1,0.1,0.9
24,2,10.2,5,1.998,1,0.9,0.1,0.1
15,1,7.6,3,1.976,2,0.1,0.9,0.1
4,2,8.5,5,2.001,3,0.1,0.1,0.9
25,3,12.5,3,1.985,2,0.1,0.9,0.1
20,3,11,3,2.002,2,0.1,0.9,0.1
14,3,11.4,12,1.976,2,0.1,0.9,0.1
8,2,10.1,5,1.999,1,0.9,0.1,0.1
13,1,6.4,11,1.985,1,0.9,0.1,0.1
22,2,10.5,5,1.984,2,0.1,0.9,0.1
12,4,14.9,4,1.985,3,0.1,0.1,0.9
19,2,9.5,10,2.001,2,0.1,0.9,0.1
20,2,9,10,2.009,3,0.1,0.1,0.9
21,2,8.4,11,1.986,2,0.1,0.9,0.1
0,2,10,9,1.98,2,0.1,0.9,0.1
25,2,9.3,5,2.013,1,0.9,0.1,0.1
22,2,10.3,5,1.984,2,0.1,0.9,0.1
0,1,6.8,9,1.98,1,0.9,0.1,0.1
1,2,8.4,11,1.985,2,0.1,0.9,0.1
11,4,14.8,4,1.992,3,0.1,0.1,0.9
24,3,12.1,3,1.996,2,0.1,0.9,0.1
8,3,12.8,3,1.996,2,0.1,0.9,0.1
24,3,11,10,2.004,2,0.1,0.9,0.1
14,1,6.3,12,1.981,1,0.9,0.1,0.1
0,2,9.8,9,1.977,2,0.1,0.9,0.1
24,2,10.1,5,1.996,2,0.1,0.9,0.1
14,1,6.5,3,1.974,1,0.9,0.1,0.1
18,2,10.6,5,1.997,3,0.1,0.1,0.9
0,3,13.3,5,1.996,3,0.1,0.1,0.9
9,1,6.7,9,1.979,1,0.9,0.1,0.1
8,2,10.5,5,1.993,1,0.9,0.1,0.1
14,1,6.2,5,2.004,2,0.1,0.9,0.1
9,2,9.2,9,1.979,2,0.1,0.9,0.1
22,2,10.2,5,1.997,2,0.1,0.9,0.1
2,2,8.4,11,1.987,2,0.1,0.9,0.1
9,1,6.7,9,1.979,1,0.9,0.1,0.1
10,2,10.4,5,1.985,2,0.1,0.9,0.1
9,1,6.8,9,1.98,2,0.1,0.9,0.1
2,2,8.5,11,1.988,2,0.1,0.9,0.1
8,3,12.5,3,1.993,2,0.1,0.9,0.1
11,2,8.5,7,2.003,1,0.9,0.1,0.1
22,2,10.4,5,1.985,2,0.1,0.9,0.1
1,3,13.3,5,1.984,2,0.1,0.9,0.1
9,1,6.7,9,1.98,1,0.9,0.1,0.1
22,2,10.8,5,1.982,2,0.1,0.9,0.1
18,2,8.5,5,2.006,3,0.1,0.1,0.9
3,1,6.7,9,1.984,1,0.9,0.1,0.1
0,1,6.7,9,1.979,1,0.9,0.1,0.1
4,1,7.3,9,1.976,2,0.1,0.9,0.1
4,2,9.9,5,1.997,3,0.1,0.1,0.9
24,2,10.3,7,1.997,2,0.1,0.9,0.1
2,1,6.5,3,1.973,1,0.9,0.1,0.1
4,1,8.8,9,1.978,2,0.1,0.9,0.1
20,2,9,10,2.006,2,0.1,0.9,0.1
1,3,12.1,3,1.98,2,0.1,0.9,0.1
1,1,6.9,5,2.01,2,0.1,0.9,0.1
24,1,6.5,3,1.974,1,0.9,0.1,0.1
3,2,10.3,5,1.998,2,0.1,0.9,0.1
20,2,10,5,1.999,2,0.1,0.9,0.1
22,3,10.9,2,2.008,3,0.1,0.1,0.9
21,1,6.7,9,1.985,1,0.9,0.1,0.1
0,1,6.8,9,1.98,1,0.9,0.1,0.1
20,1,6.9,5,2.011,1,0.9,0.1,0.1
16,2,10.9,5,1.995,2,0.1,0.9,0.1
16,3,12.8,3,1.995,2,0.1,0.9,0.1
11,2,10,5,1.997,2,0.1,0.9,0.1
20,2,10.1,5,1.999,1,0.9,0.1,0.1
24,3,13.7,5,1.995,2,0.1,0.9,0.1
16,2,10.6,5,1.993,2,0.1,0.9,0.1
23,1,6.5,3,1.973,1,0.9,0.1,0.1
21,3,12.2,3,1.992,2,0.1,0.9,0.1
23,1,6.5,3,1.976,1,0.9,0.1,0.1
22,2,10.7,5,1.984,2,0.1,0.9,0.1
11,3,11,3,2.003,2,0.1,0.9,0.1
16,4,15,1,1.993,2,0.1,0.9,0.1
8,2,10.4,5,1.993,1,0.9,0.1,0.1
20,3,11,3,2.001,2,0.1,0.9,0.1
20,2,9,10,2.009,3,0.1,0.1,0.9
22,2,10.4,5,1.984,2,0.1,0.9,0.1
13,2,10.7,5,1.993,1,0.9,0.1,0.1
22,2,10.4,5,1.989,2,0.1,0.9,0.1
7,1,5.9,3,1.977,2,0.1,0.9,0.1
0,2,8.1,9,1.977,1,0.9,0.1,0.1
9,3,12.1,3,1.984,3,0.1,0.1,0.9
3,3,11.5,3,2.005,3,0.1,0.1,0.9
4,2,8.2,3,1.976,2,0.1,0.9,0.1
17,3,11.1,10,2.005,2,0.1,0.9,0.1
20,3,11,10,2.003,2,0.1,0.9,0.1
14,1,6,12,1.969,1,0.9,0.1,0.1
12,1,7,9,1.983,1,0.9,0.1,0.1
4,1,6.5,3,1.976,1,0.9,0.1,0.1
0,2,9.8,9,1.977,2,0.1,0.9,0.1
7,2,9.5,14,2.011,3,0.1,0.1,0.9
23,2,9.2,5,2.009,3,0.1,0.1,0.9
11,3,12.1,3,1.997,2,0.1,0.9,0.1
1,1,5.9,3,1.978,1,0.9,0.1,0.1
18,1,6.9,12,1.967,1,0.9,0.1,0.1
19,3,11,3,2.001,1,0.9,0.1,0.1
22,3,12.6,3,1.993,2,0.1,0.9,0.1
20,3,11,3,2.002,2,0.1,0.9,0.1
9,2,10.4,5,1.984,3,0.1,0.1,0.9
17,3,11.2,10,2.005,2,0.1,0.9,0.1
23,1,7.4,5,1.984,2,0.1,0.9,0.1
0,2,8.2,9,1.976,1,0.9,0.1,0.1
13,1,6.5,3,1.976,1,0.9,0.1,0.1
25,2,10.3,5,1.988,2,0.1,0.9,0.1
18,2,9,5,2.006,3,0.1,0.1,0.9
22,2,10.4,5,1.988,2,0.1,0.9,0.1
16,4,15.1,1,1.994,2,0.1,0.9,0.1
5,2,9.1,10,2.003,2,0.1,0.9,0.1
19,3,11,3,2,2,0.1,0.9,0.1
20,3,11.4,10,2.001,2,0.1,0.9,0.1
11,1,6.6,9,1.982,1,0.9,0.1,0.1
16,2,10.4,5,1.995,1,0.9,0.1,0.1
8,2,10.5,10,1.999,1,0.9,0.1,0.1
24,3,11,3,2,2,0.1,0.9,0.1
22,4,14.2,1,1.993,3,0.1,0.1,0.9
7,2,8.5,3,1.984,3,0.1,0.1,0.9
3,2,9.2,5,2.005,2,0.1,0.9,0.1
0,1,6.8,9,1.981,1,0.9,0.1,0.1
13,2,10.5,5,1.988,1,0.9,0.1,0.1
13,1,5.9,3,1.975,1,0.9,0.1,0.1
8,4,14.6,4,1.989,3,0.1,0.1,0.9
4,1,5.6,12,1.971,1,0.9,0.1,0.1
0,3,11,3,2.006,3,0.1,0.1,0.9
5,2,10.4,5,1.988,1,0.9,0.1,0.1
16,2,10.5,5,1.995,2,0.1,0.9,0.1
24,2,9,3,1.974,1,0.9,0.1,0.1
13,2,10.4,5,1.984,1,0.9,0.1,0.1
20,3,11,3,2.001,2,0.1,0.9,0.1
9,1,6.7,9,1.978,2,0.1,0.9,0.1
4,2,8.2,3,1.976,2,0.1,0.9,0.1
1,1,6.7,9,1.977,1,0.9,0.1,0.1
25,4,14.7,1,1.987,2,0.1,0.9,0.1
4,3,11.9,12,1.976,3,0.1,0.1,0.9
10,1,6.5,3,1.975,1,0.9,0.1,0.1
17,2,9.3,10,2.011,2,0.1,0.9,0.1
22,3,13.3,5,1.982,2,0.1,0.9,0.1
13,3,11.5,10,2.001,2,0.1,0.9,0.1
13,2,10,5,1.998,2,0.1,0.9,0.1
4,3,11,3,2.002,3,0.1,0.1,0.9
22,2,10.5,5,1.993,2,0.1,0.9,0.1
4,3,11.6,3,2,3,0.1,0.1,0.9
16,4,15.3,4,1.996,3,0.1,0.1,0.9
20,3,11,3,2.001,2,0.1,0.9,0.1
19,2,9.1,5,2.001,1,0.9,0.1,0.1
16,2,10.6,5,1.989,1,0.9,0.1,0.1
19,2,9,5,2.004,2,0.1,0.9,0.1
25,1,6.7,9,1.985,1,0.9,0.1,0.1
9,1,6.7,9,1.978,1,0.9,0.1,0.1
1,4,14.3,1,1.993,3,0.1,0.1,0.9
24,2,9.1,9,1.977,1,0.9,0.1,0.1
25,2,9.3,9,1.985,1,0.9,0.1,0.1
17,3,11,3,2.003,2,0.1,0.9,0.1
3,1,7.3,5,1.985,1,0.9,0.1,0.1
20,2,9.2,5,2.005,1,0.9,0.1,0.1
8,2,9.1,7,1.997,1,0.9,0.1,0.1
22,2,10.4,5,1.988,2,0.1,0.9,0.1
25,2,10.5,9,1.982,1,0.9,0.1,0.1
4,3,11,3,2.003,3,0.1,0.1,0.9
1,3,12.5,3,1.996,3,0.1,0.1,0.9
9,2,10.5,5,1.983,2,0.1,0.9,0.1
8,2,10.4,10,2,1,0.9,0.1,0.1
8,3,12.4,10,1.999,2,0.1,0.9,0.1
22,3,13.2,5,1.993,2,0.1,0.9,0.1
24,3,12.1,3,1.99,2,0.1,0.9,0.1
1,1,6.7,9,1.985,1,0.9,0.1,0.1
24,2,9.8,9,1.985,2,0.1,0.9,0.1
17,2,9,5,2.003,1,0.9,0.1,0.1
1,1,5.9,3,1.978,1,0.9,0.1,0.1
25,4,14.6,4,1.988,3,0.1,0.1,0.9
24,1,6.5,3,1.976,1,0.9,0.1,0.1
24,1,6.9,3,1.985,1,0.9,0.1,0.1
12,2,10.2,5,1.999,2,0.1,0.9,0.1
17,3,11.1,10,2.003,2,0.1,0.9,0.1
19,3,11.3,3,2.001,2,0.1,0.9,0.1
22,3,13.2,5,1.985,2,0.1,0.9,0.1
13,3,11,3,2.002,2,0.1,0.9,0.1
4,1,5.9,3,1.975,1,0.9,0.1,0.1
4,2,9.1,9,1.976,2,0.1,0.9,0.1
13,3,11,3,2.001,2,0.1,0.9,0.1
11,3,12,3,1.998,2,0.1,0.9,0.1
18,1,6.5,3,1.975,2,0.1,0.9,0.1
1,1,6.8,9,1.979,1,0.9,0.1,0.1
4,2,8.1,3,1.975,2,0.1,0.9,0.1
9,1,6.7,9,1.978,2,0.1,0.9,0.1
20,3,12.2,3,1.999,2,0.1,0.9,0.1
12,1,6.8,9,1.983,1,0.9,0.1,0.1
20,3,11,3,2.001,2,0.1,0.9,0.1
13,3,11.6,3,2.001,2,0.1,0.9,0.1
16,3,12.3,3,1.992,2,0.1,0.9,0.1
8,3,12.1,3,1.998,2,0.1,0.9,0.1
20,2,8.7,7,2.002,2,0.1,0.9,0.1
19,2,9.3,5,2.001,2,0.1,0.9,0.1
25,1,6.4,11,1.987,1,0.9,0.1,0.1
13,2,10.9,5,1.993,1,0.9,0.1,0.1
22,2,10.4,5,1.989,1,0.9,0.1,0.1
21,1,6.7,9,1.985,1,0.9,0.1,0.1
10,0,4.2,12,1.969,1,0.9,0.1,0.1
12,1,6.8,9,1.983,1,0.9,0.1,0.1
5,4,13.2,1,2.001,3,0.1,0.1,0.9
22,1,7.4,5,1.984,1,0.9,0.1,0.1
1,2,8.4,11,1.988,1,0.9,0.1,0.1
21,1,6.7,9,1.985,1,0.9,0.1,0.1
22,2,10.4,5,1.988,1,0.9,0.1,0.1
13,0,4.8,10,2.008,1,0.9,0.1,0.1
2,1,6.5,3,1.973,1,0.9,0.1,0.1
2,4,14.4,4,1.987,3,0.1,0.1,0.9
9,1,6.7,9,1.979,1,0.9,0.1,0.1
22,3,12.4,10,1.997,2,0.1,0.9,0.1
12,2,10.4,5,1.983,2,0.1,0.9,0.1
0,1,8.2,9,1.98,1,0.9,0.1,0.1
3,2,10.3,5,1.998,2,0.1,0.9,0.1
14,1,7.8,3,1.972,2,0.1,0.9,0.1
5,2,10.3,5,1.999,1,0.9,0.1,0.1
14,1,6.6,3,1.974,1,0.9,0.1,0.1
3,2,8.4,11,1.985,1,0.9,0.1,0.1
8,3,11,3,2.003,1,0.9,0.1,0.1
11,1,6.7,9,1.983,1,0.9,0.1,0.1
24,3,12.4,3,1.997,2,0.1,0.9,0.1
12,1,6.7,9,1.981,1,0.9,0.1,0.1
9,1,8.2,9,1.979,1,0.9,0.1,0.1
14,1,6.3,12,1.981,1,0.9,0.1,0.1
1,3,11.5,10,2,3,0.1,0.1,0.9
21,1,6.4,11,1.985,1,0.9,0.1,0.1
1,1,6.7,9,1.979,1,0.9,0.1,0.1
11,2,10,5,1.998,2,0.1,0.9,0.1
23,1,6.7,3,1.971,1,0.9,0.1,0.1
5,2,9.1,10,2.002,1,0.9,0.1,0.1
11,1,6,3,1.985,1,0.9,0.1,0.1
3,1,7.3,9,1.985,1,0.9,0.1,0.1
25,2,10.7,5,1.988,2,0.1,0.9,0.1
0,2,9.2,9,1.979,2,0.1,0.9,0.1
19,2,10.1,5,1.999,2,0.1,0.9,0.1
20,2,9.4,5,2.011,2,0.1,0.9,0.1
24,3,12.1,3,1.997,2,0.1,0.9,0.1
19,3,11,3,2.004,2,0.1,0.9,0.1
20,2,9,10,2.009,3,0.1,0.1,0.9
25,2,9.3,9,1.985,2,0.1,0.9,0.1
16,4,14.9,1,1.995,3,0.1,0.1,0.9
13,4,13.2,1,2.002,3,0.1,0.1,0.9
5,4,13.3,10,2.002,2,0.1,0.9,0.1
13,2,10.4,5,1.996,1,0.9,0.1,0.1
22,2,8.4,11,1.988,1,0.9,0.1,0.1
13,2,10.3,5,1.984,1,0.9,0.1,0.1
4,3,12.2,3,1.999,3,0.1,0.1,0.9
9,2,9.1,9,1.981,2,0.1,0.9,0.1
18,2,8.9,3,1.973,2,0.1,0.9,0.1
13,4,13.2,10,2,3,0.1,0.1,0.9
10,1,6,12,1.969,1,0.9,0.1,0.1
13,3,11.1,3,2.001,2,0.1,0.9,0.1
22,1,7.4,5,1.985,1,0.9,0.1,0.1
20,2,9.6,5,2,2,0.1,0.9,0.1
20,2,9,10,2.002,1,0.9,0.1,0.1
21,4,15,4,1.985,3,0.1,0.1,0.9
13,2,9,5,2.001,1,0.9,0.1,0.1
0,1,6.7,9,1.98,1,0.9,0.1,0.1
24,3,12.1,3,1.998,2,0.1,0.9,0.1
18,2,10.7,5,1.996,3,0.1,0.1,0.9
10,2,8.5,5,2.005,2,0.1,0.9,0.1
9,1,6.7,9,1.985,1,0.9,0.1,0.1
16,2,10.5,5,1.992,2,0.1,0.9,0.1
13,3,11.1,3,2.002,2,0.1,0.9,0.1
16,3,12.2,3,1.989,2,0.1,0.9,0.1
15,1,7.6,3,1.975,2,0.1,0.9,0.1
3,1,7.3,5,1.987,1,0.9,0.1,0.1
24,4,16.1,1,1.995,3,0.1,0.1,0.9
8,2,10.1,10,1.999,1,0.9,0.1,0.1
23,1,6.8,3,1.968,1,0.9,0.1,0.1
24,2,9.9,5,1.997,1,0.9,0.1,0.1
25,2,10.8,5,1.985,2,0.1,0.9,0.1
14,1,6.4,11,1.987,1,0.9,0.1,0.1
18,3,11,3,2.008,3,0.1,0.1,0.9
1,3,12.4,3,1.983,2,0.1,0.9,0.1
16,4,14.6,4,1.988,3,0.1,0.1,0.9
4,2,10,5,2.005,3,0.1,0.1,0.9
20,3,11,3,2.001,2,0.1,0.9,0.1
15,1,6.5,3,1.975,1,0.9,0.1,0.1
17,3,11,3,2.003,2,0.1,0.9,0.1
3,2,8.4,11,1.986,1,0.9,0.1,0.1
19,2,9,7,2.001,2,0.1,0.9,0.1
1,3,11.7,12,1.978,2,0.1,0.9,0.1
20,2,9.4,10,2.004,1,0.9,0.1,0.1
22,2,8.4,11,1.986,2,0.1,0.9,0.1
8,2,10.4,5,1.989,1,0.9,0.1,0.1
10,3,14.2,6,1.984,3,0.1,0.1,0.9
13,2,8.4,11,1.985,1,0.9,0.1,0.1
3,1,6.7,9,1.984,1,0.9,0.1,0.1
4,1,7.3,9,1.978,1,0.9,0.1,0.1
8,2,10.4,5,1.993,2,0.1,0.9,0.1
11,2,9,7,1.999,2,0.1,0.9,0.1
1,3,11.2,3,2.01,3,0.1,0.1,0.9
14,1,5.6,12,1.971,1,0.9,0.1,0.1
5,2,8.4,11,1.988,1,0.9,0.1,0.1
11,2,9.1,9,1.986,1,0.9,0.1,0.1
20,3,11,10,2.003,2,0.1,0.9,0.1
0,3,11.9,3,1.98,3,0.1,0.1,0.9
20,2,9.4,5,2.011,2,0.1,0.9,0.1
18,1,6.3,12,1.97,1,0.9,0.1,0.1
13,3,12.3,3,1.996,2,0.1,0.9,0.1
21,2,9.3,9,1.985,2,0.1,0.9,0.1
0,1,6.7,9,1.979,1,0.9,0.1,0.1
24,3,11,3,2,2,0.1,0.9,0.1
24,1,7.6,3,1.974,1,0.9,0.1,0.1
17,3,11,3,2.003,2,0.1,0.9,0.1
24,3,12.2,3,1.998,2,0.1,0.9,0.1
23,1,6.4,12,1.969,1,0.9,0.1,0.1
19,2,9.6,10,2.001,2,0.1,0.9,0.1
22,2,8.4,11,1.988,2,0.1,0.9,0.1
5,3,12.2,3,1.988,2,0.1,0.9,0.1
17,3,11,10,2.003,3,0.1,0.1,0.9
2,2,8.9,11,1.986,2,0.1,0.9,0.1
23,1,7.8,3,1.972,1,0.9,0.1,0.1
20,2,9,5,2.001,2,0.1,0.9,0.1
11,2,10.6,5,1.992,3,0.1,0.1,0.9
5,1,7.3,5,1.988,1,0.9,0.1,0.1
14,2,8.5,5,2.006,3,0.1,0.1,0.9
23,3,11,3,2.006,3,0.1,0.1,0.9
20,2,9.5,10,2.012,2,0.1,0.9,0.1
20,2,9,5,2.001,2,0.1,0.9,0.1
17,3,11.3,10,2.013,3,0.1,0.1,0.9
22,1,7.3,5,1.984,1,0.9,0.1,0.1
13,3,13.5,5,1.985,2,0.1,0.9,0.1
0,1,8.9,9,1.979,2,0.1,0.9,0.1
25,2,9.2,9,1.984,2,0.1,0.9,0.1
23,1,6.6,3,1.973,1,0.9,0.1,0.1
25,1,7.4,5,1.989,1,0.9,0.1,0.1
13,3,12,10,1.998,3,0.1,0.1,0.9
16,3,12.7,3,1.993,2,0.1,0.9,0.1
24,3,12.5,10,1.999,2,0.1,0.9,0.1
12,1,6.8,9,1.985,1,0.9,0.1,0.1
17,3,11.1,10,2.003,2,0.1,0.9,0.1
22,2,8.4,11,1.988,2,0.1,0.9,0.1
18,2,8.5,5,2.006,3,0.1,0.1,0.9
16,3,12.7,3,1.993,2,0.1,0.9,0.1
2,3,12.1,3,1.985,3,0.1,0.1,0.9
0,1,7.3,9,1.978,1,0.9,0.1,0.1
8,2,10.3,5,1.99,2,0.1,0.9,0.1
17,3,11,3,2.003,2,0.1,0.9,0.1
15,1,6.8,3,1.976,1,0.9,0.1,0.1
18,1,6.5,3,1.975,2,0.1,0.9,0.1
9,1,6.7,9,1.979,1,0.9,0.1,0.1
25,1,6.7,9,1.985,1,0.9,0.1,0.1
22,2,10.5,5,1.985,2,0.1,0.9,0.1
24,4,13.1,1,2.001,2,0.1,0.9,0.1
22,3,12.4,3,1.993,2,0.1,0.9,0.1
24,3,12.3,3,1.999,2,0.1,0.9,0.1
10,2,8.4,11,1.985,1,0.9,0.1,0.1
3,1,6.7,9,1.985,1,0.9,0.1,0.1
24,3,11,10,2.004,2,0.1,0.9,0.1
20,2,9.2,5,2.011,2,0.1,0.9,0.1
23,1,7.4,5,1.984,2,0.1,0.9,0.1
20,3,11.5,3,1.999,2,0.1,0.9,0.1
25,1,6.8,3,1.985,1,0.9,0.1,0.1
1,1,6.8,9,1.981,1,0.9,0.1,0.1
14,1,6.7,5,2.012,2,0.1,0.9,0.1
24,4,15,4,1.996,3,0.1,0.1,0.9
14,1,6.5,3,1.974,1,0.9,0.1,0.1
16,2,10.4,5,1.996,2,0.1,0.9,0.1
1,2,9.9,9,1.985,2,0.1,0.9,0.1
20,2,9.1,5,2.005,1,0.9,0.1,0.1
24,2,10.3,5,1.996,1,0.9,0.1,0.1
13,4,12.6,1,2.002,2,0.1,0.9,0.1
24,2,9,10,2.004,1,0.9,0.1,0.1
1,3,11.9,12,1.976,3,0.1,0.1,0.9
13,3,11.6,3,2.001,2,0.1,0.9,0.1
1,2,8.4,11,1.987,2,0.1,0.9,0.1
25,2,10.4,5,1.988,1,0.9,0.1,0.1
17,3,11,3,2.003,2,0.1,0.9,0.1
11,1,6,3,1.987,1,0.9,0.1,0.1
25,4,14.6,4,1.988,2,0.1,0.9,0.1
17,3,11,10,2.003,2,0.1,0.9,0.1
5,2,10.3,5,1.988,2,0.1,0.9,0.1
24,2,10.1,5,1.999,2,0.1,0.9,0.1
8,2,10.4,5,1.993,2,0.1,0.9,0.1
11,2,9,7,1.998,1,0.9,0.1,0.1
24,3,12.2,3,1.998,2,0.1,0.9,0.1
22,2,10.4,5,1.989,2,0.1,0.9,0.1
15,1,6.5,3,1.975,2,0.1,0.9,0.1
9,1,7.4,5,1.983,1,0.9,0.1,0.1
22,3,13.2,5,1.985,2,0.1,0.9,0.1
22,1,7.5,5,1.983,1,0.9,0.1,0.1
22,2,10.4,5,1.989,2,0.1,0.9,0.1
3,1,7.3,5,1.985,1,0.9,0.1,0.1
11,3,12,3,1.987,2,0.1,0.9,0.1
11,2,10.3,5,1.997,1,0.9,0.1,0.1
24,2,10.1,5,2,1,0.9,0.1,0.1
0,1,7.3,9,1.978,1,0.9,0.1,0.1
0,3,12.1,3,1.98,3,0.1,0.1,0.9
22,2,8.4,11,1.986,2,0.1,0.9,0.1
13,2,9.1,5,2,1,0.9,0.1,0.1
24,2,9.1,9,1.977,1,0.9,0.1,0.1
16,4,14.7,4,1.99,3,0.1,0.1,0.9
3,1,6.4,11,1.987,1,0.9,0.1,0.1
14,0,4.8,12,1.97,1,0.9,0.1,0.1
10,3,11.7,12,1.977,2,0.1,0.9,0.1
17,2,9.5,10,2.004,2,0.1,0.9,0.1
14,2,10.6,5,1.984,3,0.1,0.1,0.9
12,3,13.5,5,1.984,2,0.1,0.9,0.1
8,2,10.4,5,1.99,1,0.9,0.1,0.1
1,2,9.2,9,1.978,2,0.1,0.9,0.1
11,1,6.7,9,1.983,1,0.9,0.1,0.1
24,2,10,5,2,2,0.1,0.9,0.1
19,3,12.3,3,1.999,2,0.1,0.9,0.1
24,3,12.3,3,1.998,2,0.1,0.9,0.1
3,3,13.9,5,1.985,2,0.1,0.9,0.1
10,2,10.2,5,1.998,3,0.1,0.1,0.9
11,2,9.8,5,1.997,2,0.1,0.9,0.1
4,0,4.2,12,1.97,1,0.9,0.1,0.1
24,2,9.1,9,1.98,1,0.9,0.1,0.1
8,2,11.3,10,1.998,2,0.1,0.9,0.1
11,1,6.4,11,1.986,1,0.9,0.1,0.1
14,1,6.7,9,1.984,1,0.9,0.1,0.1
11,3,12,3,1.999,2,0.1,0.9,0.1
10,1,5.9,3,1.977,1,0.9,0.1,0.1
0,1,6.8,9,1.98,1,0.9,0.1,0.1
16,2,10.6,5,1.993,2,0.1,0.9,0.1
8,2,10,5,1.998,1,0.9,0.1,0.1
14,1,5.6,12,1.971,1,0.9,0.1,0.1
9,3,12.1,3,1.984,3,0.1,0.1,0.9
25,2,9.2,9,1.984,1,0.9,0.1,0.1
2,2,8.4,11,1.987,2,0.1,0.9,0.1
3,4,16.5,4,1.997,3,0.1,0.1,0.9
19,2,10.2,5,1.999,2,0.1,0.9,0.1
14,2,8.2,3,1.976,2,0.1,0.9,0.1
17,2,9.2,5,2.012,2,0.1,0.9,0.1
4,1,6.3,12,1.97,1,0.9,0.1,0.1
10,1,6,12,1.967,1,0.9,0.1,0.1
25,1,6.8,9,1.984,1,0.9,0.1,0.1
13,2,10.4,5,1.99,1,0.9,0.1,0.1
23,2,10.6,5,1.998,3,0.1,0.1,0.9
20,3,11.1,10,2.003,2,0.1,0.9,0.1
10,3,12.2,3,1.996,3,0.1,0.1,0.9
25,3,12.2,3,1.988,2,0.1,0.9,0.1
0,2,9,5,2.002,2,0.1,0.9,0.1
1,1,6.7,9,1.978,1,0.9,0.1,0.1
14,2,9,5,2.006,3,0.1,0.1,0.9
3,1,7.3,5,1.984,1,0.9,0.1,0.1
1,1,6.7,9,1.985,1,0.9,0.1,0.1
25,1,6.7,9,1.985,1,0.9,0.1,0.1
9,1,6.7,9,1.978,1,0.9,0.1,0.1
24,1,6.8,9,1.981,1,0.9,0.1,0.1
19,2,9.5,10,2.001,2,0.1,0.9,0.1
17,3,11,3,2.003,2,0.1,0.9,0.1
22,2,8.4,11,1.988,1,0.9,0.1,0.1
0,1,6.8,9,1.98,1,0.9,0.1,0.1
19,3,11,10,2.001,2,0.1,0.9,0.1
20,4,12.6,10,2.003,3,0.1,0.1,0.9
1,1,5.9,3,1.978,1,0.9,0.1,0.1
16,2,11.1,5,1.996,2,0.1,0.9,0.1
24,2,10.1,5,1.999,1,0.9,0.1,0.1
11,4,14.2,1,1.998,3,0.1,0.1,0.9
13,1,7.4,3,1.976,1,0.9,0.1,0.1
4,2,10,5,2.005,3,0.1,0.1,0.9
12,1,6.8,9,1.983,1,0.9,0.1,0.1
10,2,8.4,11,1.985,2,0.1,0.9,0.1
20,2,9.2,10,2.008,2,0.1,0.9,0.1
20,3,11.4,10,2.004,2,0.1,0.9,0.1
2,2,10.5,5,1.992,3,0.1,0.1,0.9
13,4,13,1,2,3,0.1,0.1,0.9
1,3,12.3,3,1.993,3,0.1,0.1,0.9
19,2,9.6,5,2.01,1,0.9,0.1,0.1
7,2,9.3,14,2.011,3,0.1,0.1,0.9
13,3,12.1,3,1.998,2,0.1,0.9,0.1
3,2,11.6,5,1.985,2,0.1,0.9,0.1
3,1,6.7,9,1.985,1,0.9,0.1,0.1
8,2,10.4,5,1.992,1,0.9,0.1,0.1
4,3,11.7,12,1.978,3,0.1,0.1,0.9
17,2,9.2,5,2.012,2,0.1,0.9,0.1
25,2,10.4,5,1.985,1,0.9,0.1,0.1
10,1,7.5,3,1.982,1,0.9,0.1,0.1
20,3,11,10,2.003,2,0.1,0.9,0.1
11,1,6.7,9,1.984,1,0.9,0.1,0.1
1,2,9.3,9,1.985,2,0.1,0.9,0.1
24,3,12.1,3,1.996,2,0.1,0.9,0.1
13,2,9,5,2,1,0.9,0.1,0.1
13,2,10.2,5,1.985,1,0.9,0.1,0.1
6,3,12.2,3,1.989,3,0.1,0.1,0.9
25,3,12.2,3,1.988,2,0.1,0.9,0.1
25,1,6.7,9,1.985,1,0.9,0.1,0.1
22,3,12.3,3,1.993,2,0.1,0.9,0.1
13,1,6.9,5,2.012,1,0.9,0.1,0.1
1,1,6.5,3,1.972,1,0.9,0.1,0.1
11,1,6.7,9,1.986,1,0.9,0.1,0.1
8,2,10.9,5,1.995,1,0.9,0.1,0.1
25,1,7.4,5,1.989,1,0.9,0.1,0.1
24,3,11.4,10,2.003,2,0.1,0.9,0.1
15,1,5.9,3,1.975,1,0.9,0.1,0.1
1,1,6.7,9,1.979,1,0.9,0.1,0.1
2,2,9,11,1.988,2,0.1,0.9,0.1
4,2,10,5,2.001,3,0.1,0.1,0.9
25,2,8.4,11,1.988,1,0.9,0.1,0.1
1,2,9,3,1.977,1,0.9,0.1,0.1
23,2,10.1,5,1.999,3,0.1,0.1,0.9
19,3,11,3,2.004,1,0.9,0.1,0.1
3,1,6.9,3,1.987,1,0.9,0.1,0.1
5,4,14.6,4,1.988,2,0.1,0.9,0.1
13,2,9,7,2,2,0.1,0.9,0.1
8,3,12.2,3,1.989,2,0.1,0.9,0.1
18,1,5.9,12,1.97,1,0.9,0.1,0.1
8,4,14.7,1,1.996,3,0.1,0.1,0.9
22,3,13.3,5,1.984,3,0.1,0.1,0.9
1,3,12.3,12,1.977,3,0.1,0.1,0.9
13,2,10.3,5,1.989,1,0.9,0.1,0.1
16,3,13.7,5,1.993,2,0.1,0.9,0.1
5,3,12.4,3,1.998,2,0.1,0.9,0.1
5,2,9,5,2.002,1,0.9,0.1,0.1
25,1,7.4,5,1.985,1,0.9,0.1,0.1
11,1,6.4,11,1.986,1,0.9,0.1,0.1
8,2,9,5,2.002,1,0.9,0.1,0.1
11,4,14.8,4,1.992,3,0.1,0.1,0.9
17,2,9.8,10,2.013,2,0.1,0.9,0.1
4,1,6.3,3,1.973,1,0.9,0.1,0.1
20,3,11,3,2.005,2,0.1,0.9,0.1
1,3,11.9,3,1.978,3,0.1,0.1,0.9
3,1,6.8,9,1.985,1,0.9,0.1,0.1
17,2,9.3,10,2.011,2,0.1,0.9,0.1
19,4,13.1,10,2.001,2,0.1,0.9,0.1
0,2,9.7,9,1.977,2,0.1,0.9,0.1
22,2,9.8,9,1.989,2,0.1,0.9,0.1
11,1,6.7,9,1.983,1,0.9,0.1,0.1
14,1,5.9,3,1.973,1,0.9,0.1,0.1
17,3,11,3,2.003,1,0.9,0.1,0.1
23,2,8.7,3,1.973,2,0.1,0.9,0.1
17,3,11.4,10,2.004,2,0.1,0.9,0.1
25,2,10.4,5,1.987,1,0.9,0.1,0.1
3,1,6,3,1.987,1,0.9,0.1,0.1
9,2,9,5,2.006,3,0.1,0.1,0.9
25,2,8.4,11,1.985,1,0.9,0.1,0.1
25,1,6.4,11,1.986,1,0.9,0.1,0.1
1,1,6.8,9,1.98,1,0.9,0.1,0.1
0,1,6.8,9,1.98,1,0.9,0.1,0.1
19,2,8.7,7,2,1,0.9,0.1,0.1
20,3,11.2,10,2.003,2,0.1,0.9,0.1
1,2,10.3,9,1.981,2,0.1,0.9,0.1
23,0,5,12,1.983,1,0.9,0.1,0.1
14,1,6.8,9,1.979,1,0.9,0.1,0.1
13,2,10.9,5,1.993,1,0.9,0.1,0.1
22,1,7.4,5,1.986,1,0.9,0.1,0.1
24,2,9,10,2.004,1,0.9,0.1,0.1
20,2,9.2,10,2.003,1,0.9,0.1,0.1
13,2,11.3,5,1.995,2,0.1,0.9,0.1
25,1,7.4,5,1.987,1,0.9,0.1,0.1
0,0,4.8,3,1.977,1,0.9,0.1,0.1
4,2,10,5,2.001,3,0.1,0.1,0.9
25,4,14.6,4,1.987,3,0.1,0.1,0.9
11,2,9.3,9,1.985,2,0.1,0.9,0.1
3,1,6.7,9,1.984,1,0.9,0.1,0.1
23,1,7.8,3,1.97,1,0.9,0.1,0.1
17,3,11,3,2.003,2,0.1,0.9,0.1
14,3,11.8,3,1.984,3,0.1,0.1,0.9
23,1,6.8,3,1.969,1,0.9,0.1,0.1
0,2,9,5,2.003,3,0.1,0.1,0.9
17,2,9.4,10,2.004,2,0.1,0.9,0.1
1,1,6.7,9,1.977,1,0.9,0.1,0.1
11,2,8.9,11,1.987,1,0.9,0.1,0.1
2,4,14.6,4,1.992,3,0.1,0.1,0.9
24,2,10.2,5,1.998,1,0.9,0.1,0.1
13,3,11,3,2.001,2,0.1,0.9,0.1
23,1,6.5,3,1.982,1,0.9,0.1,0.1
13,4,15.5,4,1.99,3,0.1,0.1,0.9
18,2,9.2,5,2.003,3,0.1,0.1,0.9
13,2,9,5,2.001,2,0.1,0.9,0.1
14,1,6.5,3,1.974,1,0.9,0.1,0.1
1,2,9.8,9,1.981,2,0.1,0.9,0.1
0,3,11.9,3,1.98,3,0.1,0.1,0.9
0,1,6.8,9,1.981,1,0.9,0.1,0.1
5,3,12.2,3,1.988,2,0.1,0.9,0.1
22,2,8.4,11,1.984,1,0.9,0.1,0.1
20,2,9,10,2.009,3,0.1,0.1,0.9
19,4,13.1,10,2.001,2,0.1,0.9,0.1
5,2,10.1,5,1.997,2,0.1,0.9,0.1
13,2,10.4,5,1.984,1,0.9,0.1,0.1
4,2,10.7,5,1.995,3,0.1,0.1,0.9
10,2,9.2,9,1.976,2,0.1,0.9,0.1
20,2,9,7,1.999,2,0.1,0.9,0.1
5,2,9.1,10,2.003,2,0.1,0.9,0.1
22,1,7.4,5,1.985,1,0.9,0.1,0.1
17,3,11,3,2.003,2,0.1,0.9,0.1
3,2,9,5,2.005,2,0.1,0.9,0.1
3,1,5.9,3,1.985,1,0.9,0.1,0.1
5,2,9,5,2.002,1,0.9,0.1,0.1
23,2,9.1,5,2.009,3,0.1,0.1,0.9
4,1,6.7,9,1.983,1,0.9,0.1,0.1
1,1,6.7,9,1.978,1,0.9,0.1,0.1
25,2,8.4,11,1.987,1,0.9,0.1,0.1
3,2,9.2,7,1.998,2,0.1,0.9,0.1
22,3,12.2,3,1.988,3,0.1,0.1,0.9
13,2,10.6,5,1.996,1,0.9,0.1,0.1
0,2,9.8,9,1.978,2,0.1,0.9,0.1
13,2,10.3,5,1.985,1,0.9,0.1,0.1
24,3,11.1,3,2.001,1,0.9,0.1,0.1
20,2,9.5,10,2.004,1,0.9,0.1,0.1
4,2,10.4,5,1.984,3,0.1,0.1,0.9
24,4,14.1,1,1.997,2,0.1,0.9,0.1
13,1,6.4,11,1.985,1,0.9,0.1,0.1
21,3,12.2,3,1.992,2,0.1,0.9,0.1
5,2,9.9,5,1.999,2,0.1,0.9,0.1
20,4,13.4,10,2.001,3,0.1,0.1,0.9
15,1,7,3,1.975,2,0.1,0.9,0.1
14,2,9.2,5,2.012,3,0.1,0.1,0.9
21,1,6.4,11,1.986,2,0.1,0.9,0.1
22,3,11.9,3,1.997,2,0.1,0.9,0.1
20,4,13,1,2.001,3,0.1,0.1,0.9
24,1,6.8,9,1.981,1,0.9,0.1,0.1
22,1,8.2,5,1.984,2,0.1,0.9,0.1
18,3,11,3,2.008,3,0.1,0.1,0.9
12,2,9.3,9,1.983,2,0.1,0.9,0.1
14,3,12.2,3,1.998,3,0.1,0.1,0.9
17,2,9.2,10,2.009,2,0.1,0.9,0.1
24,2,8.3,11,1.985,1,0.9,0.1,0.1
6,3,12.2,3,1.989,3,0.1,0.1,0.9
9,1,6.7,9,1.978,1,0.9,0.1,0.1
16,2,10.7,5,1.99,2,0.1,0.9,0.1
1,2,9.7,9,1.982,1,0.9,0.1,0.1
18,2,9.2,5,2.003,3,0.1,0.1,0.9
17,3,11.2,3,2.003,2,0.1,0.9,0.1
22,2,10.5,5,1.996,1,0.9,0.1,0.1
8,2,10.3,10,1.999,1,0.9,0.1,0.1
13,2,9.5,10,2,2,0.1,0.9,0.1
24,2,9,10,2.004,2,0.1,0.9,0.1
13,4,14.7,1,1.997,2,0.1,0.9,0.1
1,4,14.3,1,1.993,3,0.1,0.1,0.9
0,1,6.7,9,1.979,1,0.9,0.1,0.1
15,3,12.2,12,1.977,3,0.1,0.1,0.9
3,2,10.4,5,1.984,2,0.1,0.9,0.1
17,2,9.9,10,2.013,2,0.1,0.9,0.1
19,2,9.4,5,2.01,1,0.9,0.1,0.1
23,1,6.7,3,1.97,1,0.9,0.1,0.1
25,2,9.3,9,1.985,1,0.9,0.1,0.1
22,2,10.4,5,1.989,2,0.1,0.9,0.1
13,2,10,5,1.998,2,0.1,0.9,0.1
17,2,9.2,10,2.009,2,0.1,0.9,0.1
